,GP,MPG,TOPG,AP40M,RK_AST,STP40M,PF,RK_STL,BLKP40M,RK_BLK,PTS,FG%,3P%,FT%,RK_SCO,FGA,3PA,FTA,ORPG,DRPG,RP40,RK_REB,PLAYER,TEAM,allstar
0,2.0,31.5,0.0,0.0,121.0,0.0,0.0,121.0,0.0,121.0,0.0,0.0,0.0,0.0,121.0,0.0,0.0,0.0,4.0,5.5,12.1,71.0,AJ Brodeur,PENN,False
1,4.0,23.8,0.0,0.0,121.0,0.0,0.0,121.0,0.0,121.0,0.0,0.0,0.0,0.0,121.0,0.0,0.0,0.0,1.5,7.3,14.7,98.0,Abdul Lewis,NJIT,False
2,3.0,28.7,0.0,0.0,121.0,0.0,9.0,121.0,3.26,56.0,0.0,0.0,0.0,0.0,121.0,0.0,0.0,0.0,0.0,0.0,0.0,121.0,Abdul-Malik Abu,NCST,False
3,3.0,35.3,1.66666666667,0.0,121.0,3.02,9.0,35.0,0.0,121.0,0.0,0.0,0.0,0.0,121.0,0.0,0.0,0.0,0.0,0.0,0.0,121.0,Ahmad Thomas,UNCA,False
4,4.0,35.3,0.0,0.0,121.0,0.0,0.0,121.0,0.0,121.0,25.8,0.42,0.207,0.935,12.0,20.3,7.3,7.8,0.0,0.0,0.0,121.0,Alec Peters,VALP,False
5,3.0,31.0,3.33333333333,10.3,9.0,0.0,0.0,121.0,0.0,121.0,0.0,0.0,0.0,0.0,121.0,0.0,0.0,0.0,0.0,0.0,0.0,121.0,Alec Wintering,PORT,False
6,2.0,26.5,0.0,8.3,68.0,0.0,0.0,121.0,0.0,121.0,0.0,0.0,0.0,0.0,121.0,0.0,0.0,0.0,0.0,0.0,0.0,121.0,Alex Copeland,YALE,False
7,3.0,29.3,2.0,7.3,76.0,3.18,5.0,73.0,0.0,121.0,0.0,0.0,0.0,0.0,121.0,0.0,0.0,0.0,0.0,0.0,0.0,121.0,Alex Robinson,TCU,False
8,3.0,29.0,1.33333333333,0.0,121.0,3.22,2.0,87.0,0.0,121.0,0.0,0.0,0.0,0.0,121.0,0.0,0.0,0.0,0.0,0.0,0.0,121.0,Alterique Gilbert,CONN,False
9,3.0,31.0,1.66666666667,7.7,42.0,3.44,3.0,29.0,0.0,121.0,0.0,0.0,0.0,0.0,121.0,0.0,0.0,0.0,0.0,0.0,0.0,121.0,Amadi Udenyi,PEPP,False
10,3.0,29.3,1.33333333333,0.0,121.0,3.18,10.0,68.0,0.0,121.0,0.0,0.0,0.0,0.0,121.0,0.0,0.0,0.0,0.0,0.0,0.0,121.0,Amar Stukes,LAS,False
11,3.0,27.0,0.0,0.0,121.0,0.0,11.0,121.0,6.42,6.0,0.0,0.0,0.0,0.0,121.0,0.0,0.0,0.0,0.0,0.0,0.0,121.0,Amida Brimah,CONN,False
12,4.0,29.3,0.0,0.0,121.0,0.0,12.0,121.0,4.44,19.0,0.0,0.0,0.0,0.0,121.0,0.0,0.0,0.0,1.8,7.0,12.0,94.0,Amile Jefferson,DUKE,False
13,3.0,17.0,0.0,0.0,121.0,0.0,8.0,121.0,4.71,92.0,0.0,0.0,0.0,0.0,121.0,0.0,0.0,0.0,0.0,0.0,0.0,121.0,Anas Mahmoud,LOU,False
14,3.0,17.0,0.0,0.0,121.0,0.0,11.0,121.0,7.06,24.0,0.0,0.0,0.0,0.0,121.0,0.0,0.0,0.0,0.0,0.0,0.0,121.0,Andrew Eudy,CAMP,False
15,3.0,27.0,0.0,0.0,121.0,0.0,0.0,121.0,0.0,121.0,0.0,0.0,0.0,0.0,121.0,0.0,0.0,0.0,4.7,9.0,20.2,5.0,Angel Delgado,HALL,False
16,3.0,32.3,2.33333333333,7.0,63.0,3.3,8.0,36.0,0.0,121.0,0.0,0.0,0.0,0.0,121.0,0.0,0.0,0.0,0.0,0.0,0.0,121.0,Angel Rivera,STET,False
17,3.0,24.3,2.66666666667,0.0,121.0,4.38,6.0,46.0,0.0,121.0,0.0,0.0,0.0,0.0,121.0,0.0,0.0,0.0,0.0,0.0,0.0,121.0,Anthony Cowan,MD,False
18,2.0,38.5,1.0,6.8,26.0,0.0,0.0,121.0,0.0,121.0,0.0,0.0,0.0,0.0,121.0,0.0,0.0,0.0,0.0,0.0,0.0,121.0,Anthony Dallier,YALE,False
19,3.0,29.0,2.66666666667,0.0,121.0,3.68,6.0,41.0,0.0,121.0,0.0,0.0,0.0,0.0,121.0,0.0,0.0,0.0,0.0,0.0,0.0,121.0,Anthony Lawrence Jr.,MIA,False
20,5.0,32.8,1.8,0.0,121.0,3.41,10.0,21.0,0.0,121.0,0.0,0.0,0.0,0.0,121.0,0.0,0.0,0.0,0.0,0.0,0.0,121.0,Anthony Mosley,DEL,False
21,3.0,27.3,2.0,8.8,44.0,0.0,0.0,121.0,0.0,121.0,0.0,0.0,0.0,0.0,121.0,0.0,0.0,0.0,0.0,0.0,0.0,121.0,Anthony Vanhook,CHAR,False
22,3.0,27.3,0.0,0.0,121.0,0.0,10.0,121.0,3.41,52.0,0.0,0.0,0.0,0.0,121.0,0.0,0.0,0.0,1.3,8.0,13.7,73.0,Antonio Campbell,OHIO,False
23,2.0,29.5,0.0,0.0,121.0,0.0,0.0,121.0,0.0,121.0,20.5,0.467,0.444,0.643,91.0,15.0,4.5,7.0,3.0,6.5,12.9,68.0,Arnaud William Adala Moto,TOWS,False
24,4.0,32.5,0.0,0.0,121.0,0.0,0.0,121.0,0.0,121.0,0.0,0.0,0.0,0.0,121.0,0.0,0.0,0.0,4.5,10.0,17.8,2.0,Aubrey Williams,KENN,False
25,2.0,29.0,3.0,10.3,11.0,0.0,0.0,121.0,0.0,121.0,0.0,0.0,0.0,0.0,121.0,0.0,0.0,0.0,0.0,0.0,0.0,121.0,Austin Luke,BEL,False
26,3.0,32.7,2.0,6.5,75.0,0.0,0.0,121.0,0.0,121.0,0.0,0.0,0.0,0.0,121.0,0.0,0.0,0.0,0.0,0.0,0.0,121.0,B.J. Taylor,UCF,False
27,3.0,35.3,3.0,6.0,78.0,2.64,5.0,75.0,0.0,121.0,0.0,0.0,0.0,0.0,121.0,0.0,0.0,0.0,0.0,0.0,0.0,121.0,B.J. Tyson,ECU,False
28,3.0,34.7,0.0,0.0,121.0,0.0,7.0,121.0,6.92,1.0,0.0,0.0,0.0,0.0,121.0,0.0,0.0,0.0,4.3,7.0,13.1,24.0,Ben Lammers,GT,False
29,3.0,24.7,0.0,0.0,121.0,0.0,2.0,121.0,3.24,82.0,0.0,0.0,0.0,0.0,121.0,0.0,0.0,0.0,0.0,0.0,0.0,121.0,Ben Lawson,WKU,False
30,5.0,23.2,0.4,0.0,121.0,4.48,12.0,48.0,0.0,121.0,0.0,0.0,0.0,0.0,121.0,0.0,0.0,0.0,0.0,0.0,0.0,121.0,Ben Richardson,L-IL,False
31,3.0,27.3,4.0,0.0,121.0,3.9,10.0,34.0,0.0,121.0,0.0,0.0,0.0,0.0,121.0,0.0,0.0,0.0,0.0,0.0,0.0,121.0,Bo Zeigler,USF,False
32,3.0,26.0,0.0,0.0,121.0,0.0,4.0,121.0,3.08,90.0,0.0,0.0,0.0,0.0,121.0,0.0,0.0,0.0,0.0,0.0,0.0,121.0,Bonzie Colson,ND,False
33,2.0,32.0,0.0,0.0,121.0,0.0,0.0,121.0,0.0,121.0,0.0,0.0,0.0,0.0,121.0,0.0,0.0,0.0,4.5,5.5,12.5,52.0,Braden Koelliker,CSU,False
34,2.0,33.5,0.0,0.0,121.0,0.0,3.0,121.0,2.99,44.0,20.5,0.5,0.0,0.714,92.0,18.0,0.5,3.5,3.5,6.5,11.9,51.0,Brandon Clarke,SJSU,False
35,3.0,33.0,0.0,0.0,121.0,0.0,0.0,121.0,0.0,121.0,21.7,0.565,0.429,0.714,60.0,15.3,2.3,4.7,0.0,0.0,0.0,121.0,Braxton Tucker,PRST,False
36,3.0,27.0,0.0,0.0,121.0,0.0,0.0,121.0,0.0,121.0,0.0,0.0,0.0,0.0,121.0,0.0,0.0,0.0,3.3,7.3,15.8,32.0,Brayon Blake,IDHO,False
37,3.0,31.3,1.66666666667,0.0,121.0,3.83,6.0,13.0,0.0,121.0,22.3,0.463,0.25,0.769,43.0,18.0,9.3,4.3,0.0,0.0,0.0,121.0,Brenton Scott,INST,False
38,1.0,23.0,0.0,0.0,121.0,0.0,0.0,121.0,0.0,121.0,0.0,0.0,0.0,0.0,121.0,0.0,0.0,0.0,2.0,7.0,15.7,93.0,Brock Stull,MILW,False
39,4.0,27.0,1.75,10.0,21.0,0.0,0.0,121.0,0.0,121.0,0.0,0.0,0.0,0.0,121.0,0.0,0.0,0.0,0.0,0.0,0.0,121.0,Bryant Crawford,WAKE,False
40,3.0,34.0,2.66666666667,6.3,77.0,0.0,0.0,121.0,0.0,121.0,0.0,0.0,0.0,0.0,121.0,0.0,0.0,0.0,0.0,0.0,0.0,121.0,Bryant McIntosh,NW,False
41,3.0,28.0,0.0,0.0,121.0,0.0,0.0,121.0,0.0,121.0,0.0,0.0,0.0,0.0,121.0,0.0,0.0,0.0,4.3,6.0,14.8,36.0,Bryce Washington,ULL,False
42,2.0,34.0,1.5,0.0,121.0,2.94,8.0,61.0,0.0,121.0,22.0,0.556,0.222,0.4,53.0,18.0,4.5,2.5,0.0,0.0,0.0,121.0,C.J. Bryce,UNCW,False
43,3.0,18.3,1.66666666667,13.8,36.0,0.0,0.0,121.0,0.0,121.0,0.0,0.0,0.0,0.0,121.0,0.0,0.0,0.0,0.0,0.0,0.0,121.0,C.J. Jackson,OSU,False
44,3.0,32.3,0.0,0.0,121.0,0.0,0.0,121.0,0.0,121.0,20.7,0.588,0.5,0.645,88.0,11.3,1.3,10.3,4.3,8.7,16.1,7.0,Caleb Swanigan,PUR,False
45,4.0,35.3,0.0,0.0,121.0,0.0,0.0,121.0,0.0,121.0,28.0,0.419,0.281,0.714,5.0,23.3,8.0,8.8,0.0,0.0,0.0,121.0,Cameron Morse,YSU,False
46,3.0,25.0,0.0,0.0,121.0,0.0,10.0,121.0,3.73,59.0,0.0,0.0,0.0,0.0,121.0,0.0,0.0,0.0,0.0,0.0,0.0,121.0,Cameron Oliver,NEV,False
47,2.0,21.0,0.5,9.5,99.0,0.0,0.0,121.0,0.0,121.0,0.0,0.0,0.0,0.0,121.0,0.0,0.0,0.0,0.0,0.0,0.0,121.0,Carlbe Ervin II,KSU,False
48,3.0,18.3,2.33333333333,11.6,84.0,0.0,0.0,121.0,0.0,121.0,0.0,0.0,0.0,0.0,121.0,0.0,0.0,0.0,0.0,0.0,0.0,121.0,Cassius Winston,MSU,False
49,3.0,28.7,0.0,0.0,121.0,0.0,0.0,121.0,0.0,121.0,0.0,0.0,0.0,0.0,121.0,0.0,0.0,0.0,0.3,9.3,13.5,61.0,Chandler Hutchison,BSU,False
50,3.0,32.3,0.0,0.0,121.0,0.0,0.0,121.0,0.0,121.0,23.0,0.514,0.5,0.774,32.0,11.7,6.0,10.3,0.0,0.0,0.0,121.0,Charles Cooke,DAY,False
51,2.0,32.5,0.0,0.0,121.0,0.0,0.0,121.0,0.0,121.0,0.0,0.0,0.0,0.0,121.0,0.0,0.0,0.0,4.5,7.5,14.8,14.0,Charles Wilson-Fisher,HAMP,False
52,2.0,30.5,0.0,0.0,121.0,0.0,0.0,121.0,0.0,121.0,22.0,0.393,0.333,0.818,54.0,14.0,6.0,11.0,0.0,0.0,0.0,121.0,Charlie Moore,CAL,False
53,3.0,32.3,0.0,0.0,121.0,0.0,6.0,121.0,3.3,36.0,0.0,0.0,0.0,0.0,121.0,0.0,0.0,0.0,3.3,5.7,11.1,91.0,Chimezie Metu,USC,False
54,3.0,26.7,0.0,0.0,121.0,0.0,0.0,121.0,0.0,121.0,21.7,0.451,0.5,0.727,64.0,17.0,7.3,3.7,0.0,0.0,0.0,121.0,Chris Clemons,CAMP,False
55,2.0,32.5,3.5,0.0,121.0,3.08,4.0,57.0,0.0,121.0,23.0,0.56,0.5,1.0,37.0,12.5,4.0,7.0,0.0,0.0,0.0,121.0,Chris Flemmings,UNCW,False
56,2.0,20.0,0.0,0.0,121.0,0.0,4.0,121.0,6.0,29.0,0.0,0.0,0.0,0.0,121.0,0.0,0.0,0.0,0.0,0.0,0.0,121.0,Chris Lewis,HARV,False
57,3.0,34.0,0.0,0.0,121.0,0.0,6.0,121.0,3.14,30.0,0.0,0.0,0.0,0.0,121.0,0.0,0.0,0.0,0.0,0.0,0.0,121.0,Chris Reyes,PEPP,False
58,4.0,17.8,0.0,0.0,121.0,0.0,15.0,121.0,5.07,70.0,0.0,0.0,0.0,0.0,121.0,0.0,0.0,0.0,0.0,0.0,0.0,121.0,Chris Silva,SC,False
59,4.0,36.0,2.0,0.0,121.0,2.5,12.0,100.0,0.0,121.0,0.0,0.0,0.0,0.0,121.0,0.0,0.0,0.0,0.0,0.0,0.0,121.0,Cody Helgeland,JAC,False
60,3.0,24.0,1.66666666667,0.0,121.0,4.44,6.0,40.0,0.0,121.0,0.0,0.0,0.0,0.0,121.0,0.0,0.0,0.0,0.0,0.0,0.0,121.0,Craig Bowman,FAMU,False
61,2.0,24.5,0.5,0.0,121.0,4.08,6.0,54.0,3.27,96.0,0.0,0.0,0.0,0.0,121.0,0.0,0.0,0.0,3.0,6.5,15.5,70.0,D.J. Johnson,KSU,False
62,4.0,30.0,0.0,0.0,121.0,0.0,9.0,121.0,3.33,40.0,0.0,0.0,0.0,0.0,121.0,0.0,0.0,0.0,2.3,7.3,12.7,66.0,D.J. Wilson,MICH,False
63,3.0,16.0,0.0,0.0,121.0,0.0,8.0,121.0,7.5,23.0,0.0,0.0,0.0,0.0,121.0,0.0,0.0,0.0,0.0,0.0,0.0,121.0,DaRohn Scott,CMU,False
64,3.0,19.3,2.33333333333,0.0,121.0,4.83,7.0,92.0,0.0,121.0,0.0,0.0,0.0,0.0,121.0,0.0,0.0,0.0,0.0,0.0,0.0,121.0,Dachon Burke,RMU,False
65,3.0,22.3,1.66666666667,0.0,121.0,4.18,5.0,82.0,0.0,121.0,0.0,0.0,0.0,0.0,121.0,0.0,0.0,0.0,0.0,0.0,0.0,121.0,Dainan Swoope,ELON,False
66,4.0,32.0,3.0,7.5,39.0,0.0,0.0,121.0,0.0,121.0,0.0,0.0,0.0,0.0,121.0,0.0,0.0,0.0,0.0,0.0,0.0,121.0,Dajuan Graf,NCCU,False
67,3.0,27.7,0.0,0.0,121.0,0.0,8.0,121.0,3.37,51.0,0.0,0.0,0.0,0.0,121.0,0.0,0.0,0.0,0.0,0.0,0.0,121.0,Dakarai Allen,SDSU,False
68,4.0,31.3,0.0,0.0,121.0,0.0,0.0,121.0,0.0,121.0,24.0,0.448,0.381,0.966,22.0,14.5,10.5,7.3,0.0,0.0,0.0,121.0,Damon Lynn,NJIT,False
69,3.0,17.3,0.0,0.0,121.0,0.0,9.0,121.0,5.38,50.0,0.0,0.0,0.0,0.0,121.0,0.0,0.0,0.0,0.0,0.0,0.0,121.0,Damonte Dodd,MD,False
70,4.0,17.5,0.0,0.0,121.0,0.0,8.0,121.0,5.14,67.0,0.0,0.0,0.0,0.0,121.0,0.0,0.0,0.0,0.0,0.0,0.0,121.0,Dan Jech,SDAK,False
71,4.0,16.0,0.0,0.0,121.0,0.0,16.0,121.0,5.63,66.0,0.0,0.0,0.0,0.0,121.0,0.0,0.0,0.0,0.0,0.0,0.0,121.0,Dan Robinson,NORF,False
72,4.0,30.3,1.25,8.6,23.0,0.0,0.0,121.0,0.0,121.0,0.0,0.0,0.0,0.0,121.0,0.0,0.0,0.0,0.0,0.0,0.0,121.0,Daniel Fowler,FUR,False
73,3.0,16.3,2.0,0.0,121.0,5.71,7.0,78.0,0.0,121.0,0.0,0.0,0.0,0.0,121.0,0.0,0.0,0.0,0.0,0.0,0.0,121.0,Daniel Peace,TROY,False
74,3.0,17.3,0.0,0.0,121.0,0.0,3.0,121.0,6.15,39.0,0.0,0.0,0.0,0.0,121.0,0.0,0.0,0.0,0.0,0.0,0.0,121.0,Danny Pippen,KENT,False
75,3.0,26.3,1.66666666667,0.0,121.0,3.54,9.0,84.0,0.0,121.0,0.0,0.0,0.0,0.0,121.0,0.0,0.0,0.0,0.0,0.0,0.0,121.0,Daryl Macon,ARK,False
76,3.0,24.3,1.66666666667,11.5,16.0,0.0,0.0,121.0,0.0,121.0,0.0,0.0,0.0,0.0,121.0,0.0,0.0,0.0,0.0,0.0,0.0,121.0,David Cohn,W&M;,False
77,4.0,32.8,3.0,0.0,121.0,2.75,14.0,99.0,0.0,121.0,0.0,0.0,0.0,0.0,121.0,0.0,0.0,0.0,0.0,0.0,0.0,121.0,David Nichols,ALBY,False
78,2.0,25.0,3.0,8.8,70.0,0.0,0.0,121.0,0.0,121.0,0.0,0.0,0.0,0.0,121.0,0.0,0.0,0.0,0.0,0.0,0.0,121.0,Davonta Jordan,BUFF,False
79,3.0,30.7,2.66666666667,9.1,18.0,0.0,0.0,121.0,0.0,121.0,0.0,0.0,0.0,0.0,121.0,0.0,0.0,0.0,0.0,0.0,0.0,121.0,De'Aaron Fox,UK,False
80,3.0,25.0,1.33333333333,0.0,121.0,4.27,4.0,47.0,0.0,121.0,0.0,0.0,0.0,0.0,121.0,0.0,0.0,0.0,0.0,0.0,0.0,121.0,De'Anthony Melton,USC,False
81,3.0,32.3,0.0,0.0,121.0,0.0,0.0,121.0,0.0,121.0,25.3,0.444,0.632,1.0,14.0,15.0,6.3,8.0,0.0,0.0,0.0,121.0,Deandre Burnett,MISS,False
82,3.0,32.7,0.0,0.0,121.0,0.0,0.0,121.0,0.0,121.0,21.0,0.471,0.3,0.667,82.0,17.0,3.3,6.0,5.3,7.7,15.9,8.0,Dedric Lawson,MEM,False
83,3.0,28.3,2.33333333333,7.5,79.0,0.0,0.0,121.0,0.0,121.0,0.0,0.0,0.0,0.0,121.0,0.0,0.0,0.0,0.0,0.0,0.0,121.0,Deion Lavender,UAB,False
84,3.0,27.0,2.66666666667,9.9,22.0,0.0,0.0,121.0,0.0,121.0,0.0,0.0,0.0,0.0,121.0,0.0,0.0,0.0,0.0,0.0,0.0,121.0,Dejon Jarreau,UMASS,False
85,2.0,33.5,0.0,0.0,121.0,0.0,4.0,121.0,2.39,97.0,0.0,0.0,0.0,0.0,121.0,0.0,0.0,0.0,0.0,0.0,0.0,121.0,Denzel Gregg,SBON,False
86,2.0,28.0,1.5,9.3,25.0,0.0,0.0,121.0,0.0,121.0,0.0,0.0,0.0,0.0,121.0,0.0,0.0,0.0,0.0,0.0,0.0,121.0,Denzel Ingram,UNCW,False
87,2.0,33.0,0.0,0.0,121.0,0.0,0.0,121.0,0.0,121.0,0.0,0.0,0.0,0.0,121.0,0.0,0.0,0.0,2.5,8.5,13.3,31.0,Deontae Hawkins,ILST,False
88,2.0,23.0,0.0,0.0,121.0,0.0,0.0,121.0,0.0,121.0,0.0,0.0,0.0,0.0,121.0,0.0,0.0,0.0,1.5,9.5,19.1,29.0,Deonte Burton,ISU,False
89,3.0,21.0,0.0,0.0,121.0,0.0,2.0,121.0,3.81,79.0,0.0,0.0,0.0,0.0,121.0,0.0,0.0,0.0,0.0,0.0,0.0,121.0,Derek Willis,UK,False
90,3.0,29.0,1.33333333333,0.0,121.0,3.22,12.0,64.0,0.0,121.0,0.0,0.0,0.0,0.0,121.0,0.0,0.0,0.0,0.0,0.0,0.0,121.0,Derrico Peck,UMES,False
91,3.0,25.3,0.0,0.0,121.0,0.0,0.0,121.0,0.0,121.0,0.0,0.0,0.0,0.0,121.0,0.0,0.0,0.0,4.0,5.7,15.3,64.0,Deshawn Freeman,RUTG,False
92,3.0,21.7,1.66666666667,0.0,121.0,4.92,5.0,37.0,0.0,121.0,0.0,0.0,0.0,0.0,121.0,0.0,0.0,0.0,0.0,0.0,0.0,121.0,Deshon Taylor,FRES,False
93,1.0,25.0,0.0,0.0,121.0,0.0,0.0,121.0,0.0,121.0,0.0,0.0,0.0,0.0,121.0,0.0,0.0,0.0,4.0,8.0,19.2,16.0,Devin Davis,HOU,False
94,2.0,28.5,0.0,0.0,121.0,0.0,0.0,121.0,0.0,121.0,0.0,0.0,0.0,0.0,121.0,0.0,0.0,0.0,4.5,10.0,20.4,4.0,Devontae Cacok,UNCW,False
95,4.0,23.3,0.5,0.0,121.0,4.3,9.0,49.0,0.0,121.0,0.0,0.0,0.0,0.0,121.0,0.0,0.0,0.0,0.0,0.0,0.0,121.0,Dexter Werner,NDSU,False
96,4.0,31.8,2.25,0.0,121.0,3.46,8.0,24.0,0.0,121.0,0.0,0.0,0.0,0.0,121.0,0.0,0.0,0.0,0.0,0.0,0.0,121.0,Diante Baldwin,UNCG,False
97,3.0,28.0,4.0,0.0,121.0,3.81,4.0,42.0,0.0,121.0,21.3,0.5,0.5,0.778,73.0,13.3,2.0,9.0,0.0,0.0,0.0,121.0,Dikembe Dixson,UIC,False
98,3.0,33.7,5.0,11.1,2.0,0.0,0.0,121.0,0.0,121.0,0.0,0.0,0.0,0.0,121.0,0.0,0.0,0.0,0.0,0.0,0.0,121.0,Dominic Artis,UTEP,False
99,4.0,22.0,0.0,0.0,121.0,0.0,9.0,121.0,3.64,72.0,0.0,0.0,0.0,0.0,121.0,0.0,0.0,0.0,0.0,0.0,0.0,121.0,Don MuepoKelly,USA,False
100,3.0,27.3,2.33333333333,0.0,121.0,3.41,3.0,79.0,0.0,121.0,0.0,0.0,0.0,0.0,121.0,0.0,0.0,0.0,0.0,0.0,0.0,121.0,Donovan Mitchell,LOU,False
101,4.0,26.3,2.75,10.7,14.0,0.0,0.0,121.0,0.0,121.0,0.0,0.0,0.0,0.0,121.0,0.0,0.0,0.0,0.0,0.0,0.0,121.0,Donte Thomas,ARST,False
102,3.0,23.0,0.666666666667,0.0,121.0,4.06,8.0,67.0,0.0,121.0,0.0,0.0,0.0,0.0,121.0,0.0,0.0,0.0,0.0,0.0,0.0,121.0,Doug Brooks,VCU,False
103,4.0,27.3,0.0,0.0,121.0,0.0,13.0,121.0,5.5,13.0,0.0,0.0,0.0,0.0,121.0,0.0,0.0,0.0,2.0,7.8,14.3,55.0,Drew Eubanks,ORST,False
104,3.0,34.3,3.33333333333,6.6,64.0,0.0,0.0,121.0,0.0,121.0,0.0,0.0,0.0,0.0,121.0,0.0,0.0,0.0,0.0,0.0,0.0,121.0,Dulani Robinson,TXSO,False
105,3.0,26.0,0.0,0.0,121.0,0.0,11.0,121.0,3.59,63.0,0.0,0.0,0.0,0.0,121.0,0.0,0.0,0.0,0.0,0.0,0.0,121.0,Duop Reath,LSU,False
106,3.0,21.0,2.33333333333,0.0,121.0,4.44,5.0,90.0,0.0,121.0,0.0,0.0,0.0,0.0,121.0,0.0,0.0,0.0,0.0,0.0,0.0,121.0,Dwayne Pow,NIAG,False
107,4.0,18.0,0.0,0.0,121.0,0.0,12.0,121.0,5.0,65.0,0.0,0.0,0.0,0.0,121.0,0.0,0.0,0.0,0.0,0.0,0.0,121.0,Dylan Johns,CSN,False
108,3.0,19.7,0.0,0.0,121.0,0.0,0.0,121.0,0.0,121.0,0.0,0.0,0.0,0.0,121.0,0.0,0.0,0.0,4.3,4.7,18.3,88.0,Eddie Davis III,USM,False
109,2.0,24.5,5.5,0.0,121.0,6.53,5.0,3.0,0.0,121.0,0.0,0.0,0.0,0.0,121.0,0.0,0.0,0.0,0.0,0.0,0.0,121.0,Ehab Amin,AMCC,False
110,2.0,32.5,0.0,0.0,121.0,0.0,0.0,121.0,0.0,121.0,22.5,0.56,0.7,0.556,42.0,12.5,5.0,9.0,0.0,0.0,0.0,121.0,Eli Cain,DEP,False
111,4.0,33.8,0.0,0.0,121.0,0.0,0.0,121.0,0.0,121.0,0.0,0.0,0.0,0.0,121.0,0.0,0.0,0.0,2.5,8.0,12.4,33.0,Emmanuel Nzekwesi,ORU,False
112,2.0,34.0,0.0,0.0,121.0,0.0,0.0,121.0,0.0,121.0,0.0,0.0,0.0,0.0,121.0,0.0,0.0,0.0,3.5,8.5,14.1,15.0,Emmanuel Omogbo,CSU,False
113,3.0,33.3,3.0,10.8,4.0,0.0,0.0,121.0,0.0,121.0,0.0,0.0,0.0,0.0,121.0,0.0,0.0,0.0,0.0,0.0,0.0,121.0,Emmett Naar,SMC,False
114,3.0,29.3,0.0,0.0,121.0,0.0,0.0,121.0,0.0,121.0,20.0,0.528,0.333,0.741,100.0,12.0,2.0,9.0,0.0,0.0,0.0,121.0,Eric Fanning,BU,False
115,3.0,24.7,0.0,0.0,121.0,0.0,4.0,121.0,4.32,31.0,21.0,0.618,0.0,0.808,78.0,11.3,0.0,8.7,4.3,7.0,18.4,23.0,Eric Mika,BYU,False
116,4.0,30.8,3.0,7.5,56.0,0.0,0.0,121.0,0.0,121.0,0.0,0.0,0.0,0.0,121.0,0.0,0.0,0.0,0.0,0.0,0.0,121.0,Erick Neal,UTA,False
117,3.0,26.3,0.0,0.0,121.0,0.0,0.0,121.0,0.0,121.0,23.0,0.611,0.0,0.781,36.0,12.0,0.7,10.7,0.0,0.0,0.0,121.0,Erik Thomas,UNO,False
118,3.0,34.3,4.33333333333,6.6,65.0,4.27,11.0,7.0,0.0,121.0,21.3,0.411,0.438,0.5,75.0,18.7,5.3,7.3,0.0,0.0,0.0,121.0,Ethan Telfair,IDST,False
119,2.0,31.0,0.0,0.0,121.0,0.0,0.0,121.0,0.0,121.0,22.5,0.563,0.667,0.583,39.0,16.0,1.5,6.0,1.5,9.5,14.2,30.0,Evan Bradds,BEL,False
120,3.0,31.7,1.0,8.0,32.0,0.0,0.0,121.0,0.0,121.0,0.0,0.0,0.0,0.0,121.0,0.0,0.0,0.0,0.0,0.0,0.0,121.0,Everett Clemons,INST,False
121,3.0,21.7,2.0,11.1,47.0,0.0,0.0,121.0,0.0,121.0,0.0,0.0,0.0,0.0,121.0,0.0,0.0,0.0,0.0,0.0,0.0,121.0,Frank Howard,SYR,False
122,3.0,36.7,2.0,6.2,61.0,0.0,0.0,121.0,0.0,121.0,23.0,0.478,0.2,0.767,34.0,15.3,3.3,10.0,0.0,0.0,0.0,121.0,Frank Mason III,KU,False
123,3.0,30.7,0.0,0.0,121.0,0.0,0.0,121.0,0.0,121.0,0.0,0.0,0.0,0.0,121.0,0.0,0.0,0.0,3.0,6.0,11.7,83.0,Franko House,BALL,False
124,3.0,19.7,0.0,0.0,121.0,0.0,11.0,121.0,4.07,94.0,0.0,0.0,0.0,0.0,121.0,0.0,0.0,0.0,0.0,0.0,0.0,121.0,Fred Iruafemi,VMI,False
125,3.0,29.3,0.0,0.0,121.0,0.0,0.0,121.0,0.0,121.0,20.7,0.472,0.5,0.75,89.0,17.7,6.0,1.3,0.0,0.0,0.0,121.0,Fred Sims Jr.,CHS,False
126,1.0,26.0,1.0,9.2,52.0,0.0,0.0,121.0,0.0,121.0,0.0,0.0,0.0,0.0,121.0,0.0,0.0,0.0,0.0,0.0,0.0,121.0,Galen Robinson Jr.,HOU,False
127,3.0,29.0,0.0,0.0,121.0,0.0,6.0,121.0,3.22,54.0,0.0,0.0,0.0,0.0,121.0,0.0,0.0,0.0,0.0,0.0,0.0,121.0,Gary Clark,CIN,False
128,4.0,26.3,3.0,0.0,121.0,3.81,13.0,51.0,0.0,121.0,0.0,0.0,0.0,0.0,121.0,0.0,0.0,0.0,0.0,0.0,0.0,121.0,Greg Pryor,CHAT,False
129,3.0,31.7,0.0,0.0,121.0,0.0,0.0,121.0,0.0,121.0,0.0,0.0,0.0,0.0,121.0,0.0,0.0,0.0,3.3,6.7,12.6,46.0,Haboubacar Mutombo,WCU,False
130,2.0,22.5,0.0,0.0,121.0,0.0,3.0,121.0,7.11,10.0,0.0,0.0,0.0,0.0,121.0,0.0,0.0,0.0,0.0,0.0,0.0,121.0,Hanner Mosquera-Perea,ETSU,False
131,4.0,23.3,0.0,0.0,121.0,0.0,15.0,121.0,7.31,9.0,0.0,0.0,0.0,0.0,121.0,0.0,0.0,0.0,0.0,0.0,0.0,121.0,Hassan Martin,URI,False
132,1.0,26.0,1.0,0.0,121.0,4.62,4.0,20.0,0.0,121.0,0.0,0.0,0.0,0.0,121.0,0.0,0.0,0.0,0.0,0.0,0.0,121.0,Henry Caruso,PRIN,False
133,3.0,29.3,0.666666666667,7.7,60.0,0.0,0.0,121.0,0.0,121.0,0.0,0.0,0.0,0.0,121.0,0.0,0.0,0.0,0.0,0.0,0.0,121.0,I.J. Ready,MSST,False
134,4.0,30.8,2.75,0.0,121.0,2.93,8.0,96.0,0.0,121.0,0.0,0.0,0.0,0.0,121.0,0.0,0.0,0.0,0.0,0.0,0.0,121.0,Ian Baker,NMSU,False
135,2.0,36.5,0.0,0.0,121.0,0.0,0.0,121.0,0.0,121.0,0.0,0.0,0.0,0.0,121.0,0.0,0.0,0.0,6.0,4.5,11.5,34.0,Idris Taqqee,SBON,False
136,2.0,25.0,0.0,0.0,121.0,0.0,0.0,121.0,0.0,121.0,21.5,0.586,0.333,0.727,68.0,14.5,1.5,5.5,0.0,0.0,0.0,121.0,Ike Smith,GASO,False
137,3.0,30.7,2.33333333333,6.5,90.0,0.0,0.0,121.0,0.0,121.0,0.0,0.0,0.0,0.0,121.0,0.0,0.0,0.0,0.0,0.0,0.0,121.0,Isaac Hamilton,UCLA,False
138,3.0,22.7,0.0,0.0,121.0,0.0,0.0,121.0,0.0,121.0,0.0,0.0,0.0,0.0,121.0,0.0,0.0,0.0,3.3,6.3,17.1,59.0,Isaac Neilson,UVU,False
139,2.0,24.5,1.0,0.0,121.0,4.08,7.0,55.0,0.0,121.0,0.0,0.0,0.0,0.0,121.0,0.0,0.0,0.0,0.0,0.0,0.0,121.0,Isaac Thornton,SJSU,False
140,2.0,22.0,2.0,10.0,69.0,0.0,0.0,121.0,0.0,121.0,0.0,0.0,0.0,0.0,121.0,0.0,0.0,0.0,0.0,0.0,0.0,121.0,Isaiah Nichols,SJSU,False
141,3.0,31.3,4.33333333333,0.0,121.0,3.4,4.0,38.0,0.0,121.0,0.0,0.0,0.0,0.0,121.0,0.0,0.0,0.0,0.0,0.0,0.0,121.0,Isaiah Walton,LONG,False
142,4.0,35.0,0.0,0.0,121.0,0.0,0.0,121.0,0.0,121.0,22.0,0.642,0.4,0.667,46.0,13.3,3.8,5.3,0.0,0.0,0.0,121.0,J.R. Holder,JAC,False
143,3.0,28.7,2.33333333333,0.0,121.0,3.26,5.0,74.0,0.0,121.0,0.0,0.0,0.0,0.0,121.0,0.0,0.0,0.0,0.0,0.0,0.0,121.0,Ja'Quan Newton,MIA,False
144,3.0,23.3,0.0,0.0,121.0,0.0,0.0,121.0,0.0,121.0,20.3,0.553,0.2,0.889,93.0,15.7,1.7,3.0,0.0,0.0,0.0,121.0,JaCorey Williams,MTSU,False
145,3.0,31.3,5.33333333333,9.8,10.0,0.0,0.0,121.0,0.0,121.0,0.0,0.0,0.0,0.0,121.0,0.0,0.0,0.0,0.0,0.0,0.0,121.0,Jaaron Simmons,OHIO,False
146,3.0,33.0,0.0,0.0,121.0,0.0,0.0,121.0,0.0,121.0,22.3,0.629,0.444,0.789,44.0,11.7,6.0,6.3,0.0,0.0,0.0,121.0,Jacob Evans,CIN,False
147,2.0,21.5,0.0,11.2,50.0,0.0,0.0,121.0,0.0,121.0,0.0,0.0,0.0,0.0,121.0,0.0,0.0,0.0,0.0,0.0,0.0,121.0,Jacob Van,AFA,False
148,3.0,26.7,2.0,0.0,121.0,3.5,9.0,72.0,0.0,121.0,0.0,0.0,0.0,0.0,121.0,0.0,0.0,0.0,0.0,0.0,0.0,121.0,Jacobi Boykins,LT,False
149,4.0,23.5,0.0,0.0,121.0,0.0,9.0,121.0,4.26,42.0,0.0,0.0,0.0,0.0,121.0,0.0,0.0,0.0,0.0,0.0,0.0,121.0,Jahir Cabeza,SAV,False
150,3.0,26.3,0.0,0.0,121.0,0.0,5.0,121.0,3.54,62.0,0.0,0.0,0.0,0.0,121.0,0.0,0.0,0.0,0.0,0.0,0.0,121.0,Jaire Grayer,GMU,False
151,4.0,33.5,0.0,0.0,121.0,0.0,0.0,121.0,0.0,121.0,23.5,0.547,0.421,0.727,26.0,16.0,4.8,5.5,0.0,0.0,0.0,121.0,Jairus Lyles,UMBC,False
152,4.0,28.0,1.5,0.0,121.0,3.93,8.0,23.0,0.0,121.0,0.0,0.0,0.0,0.0,121.0,0.0,0.0,0.0,0.0,0.0,0.0,121.0,Jajuan Johnson,MARQ,False
153,2.0,24.5,0.5,0.0,121.0,4.08,3.0,53.0,0.0,121.0,0.0,0.0,0.0,0.0,121.0,0.0,0.0,0.0,0.0,0.0,0.0,121.0,Jake Kocher,AMCC,False
154,3.0,38.3,0.0,0.0,121.0,0.0,0.0,121.0,0.0,121.0,0.0,0.0,0.0,0.0,121.0,0.0,0.0,0.0,1.0,8.7,10.1,58.0,Jaleen Smith,UNH,False
155,3.0,31.7,0.0,0.0,121.0,0.0,0.0,121.0,0.0,121.0,0.0,0.0,0.0,0.0,121.0,0.0,0.0,0.0,5.3,4.3,12.2,57.0,Jalen Jenkins,GMU,False
156,4.0,38.8,0.0,0.0,121.0,0.0,0.0,121.0,0.0,121.0,25.8,0.484,0.478,0.833,11.0,16.0,5.8,9.0,0.0,0.0,0.0,121.0,Jalen Ross,HART,False
157,2.0,27.0,0.5,9.6,28.0,3.7,4.0,62.0,0.0,121.0,0.0,0.0,0.0,0.0,121.0,0.0,0.0,0.0,0.0,0.0,0.0,121.0,Jalin Hart,IW,False
158,4.0,19.8,0.25,0.0,121.0,5.06,8.0,50.0,0.0,121.0,0.0,0.0,0.0,0.0,121.0,0.0,0.0,0.0,0.0,0.0,0.0,121.0,Jamaal Calvin,SEMO,False
159,4.0,28.5,1.75,0.0,121.0,3.51,7.0,52.0,0.0,121.0,0.0,0.0,0.0,0.0,121.0,0.0,0.0,0.0,0.0,0.0,0.0,121.0,Jamal Wright,HP,False
160,3.0,20.3,0.0,0.0,121.0,0.0,6.0,121.0,6.56,18.0,0.0,0.0,0.0,0.0,121.0,0.0,0.0,0.0,0.0,0.0,0.0,121.0,James Banks,TEX,False
161,3.0,32.7,0.0,0.0,121.0,0.0,0.0,121.0,0.0,121.0,23.0,0.561,0.519,0.75,35.0,13.7,9.0,4.0,0.0,0.0,0.0,121.0,James Blackmon Jr.,IND,False
162,5.0,28.2,0.0,0.0,121.0,0.0,0.0,121.0,0.0,121.0,0.0,0.0,0.0,0.0,121.0,0.0,0.0,0.0,4.6,7.2,16.7,17.0,James Thompson IV,EMU,False
163,3.0,25.3,2.33333333333,0.0,121.0,3.68,6.0,85.0,0.0,121.0,0.0,0.0,0.0,0.0,121.0,0.0,0.0,0.0,0.0,0.0,0.0,121.0,Jared Harper,AUB,False
164,2.0,26.5,1.5,0.0,121.0,3.77,8.0,60.0,0.0,121.0,0.0,0.0,0.0,0.0,121.0,0.0,0.0,0.0,0.0,0.0,0.0,121.0,Jaren Lewis,ACU,False
165,3.0,31.3,1.33333333333,0.0,121.0,4.68,7.0,5.0,0.0,121.0,0.0,0.0,0.0,0.0,121.0,0.0,0.0,0.0,0.0,0.0,0.0,121.0,Jaron Hopkins,FRES,False
166,4.0,25.3,0.0,0.0,121.0,0.0,0.0,121.0,0.0,121.0,0.0,0.0,0.0,0.0,121.0,0.0,0.0,0.0,4.3,4.5,13.9,96.0,Javier Martinez,UTM,False
167,3.0,25.7,0.0,0.0,121.0,0.0,12.0,121.0,4.68,22.0,0.0,0.0,0.0,0.0,121.0,0.0,0.0,0.0,0.0,0.0,0.0,121.0,Javion Ogunyemi,SIE,False
168,3.0,32.3,0.0,0.0,121.0,0.0,0.0,121.0,0.0,121.0,0.0,0.0,0.0,0.0,121.0,0.0,0.0,0.0,5.3,3.7,11.1,84.0,Javis Howard,CHSO,False
169,3.0,25.3,2.0,10.0,33.0,4.74,6.0,15.0,0.0,121.0,23.3,0.632,0.75,0.826,29.0,12.7,1.3,7.7,0.0,0.0,0.0,121.0,Jawun Evans,OKST,False
170,3.0,29.0,2.33333333333,0.0,121.0,5.06,4.0,6.0,0.0,121.0,0.0,0.0,0.0,0.0,121.0,0.0,0.0,0.0,0.0,0.0,0.0,121.0,Jay Wright,ULL,False
171,3.0,16.7,0.0,0.0,121.0,0.0,0.0,121.0,0.0,121.0,0.0,0.0,0.0,0.0,121.0,0.0,0.0,0.0,2.3,7.0,22.4,77.0,Jayce Johnson,UTAH,False
172,2.0,35.0,4.5,6.9,49.0,3.43,7.0,17.0,0.0,121.0,21.5,0.452,0.235,0.688,65.0,15.5,8.5,8.0,0.0,0.0,0.0,121.0,Jaylen Adams,SBON,False
173,3.0,23.7,2.0,10.7,35.0,3.94,6.0,86.0,0.0,121.0,0.0,0.0,0.0,0.0,121.0,0.0,0.0,0.0,0.0,0.0,0.0,121.0,Jaylen Fisher,TCU,False
174,3.0,22.3,0.0,0.0,121.0,0.0,0.0,121.0,0.0,121.0,0.0,0.0,0.0,0.0,121.0,0.0,0.0,0.0,5.3,6.0,20.3,25.0,Jaylen Johnson,LOU,False
175,3.0,29.0,2.66666666667,8.7,34.0,0.0,0.0,121.0,0.0,121.0,0.0,0.0,0.0,0.0,121.0,0.0,0.0,0.0,0.0,0.0,0.0,121.0,Jaylen Shead,CP,False
176,3.0,33.0,0.0,0.0,121.0,0.0,0.0,121.0,0.0,121.0,21.3,0.435,0.474,0.833,72.0,15.3,6.3,6.0,0.0,0.0,0.0,121.0,Jaylin Airington,CSB,False
177,3.0,36.3,0.0,0.0,121.0,0.0,0.0,121.0,0.0,121.0,21.0,0.585,0.385,0.625,80.0,13.7,4.3,5.3,0.0,0.0,0.0,121.0,Jaylon Brown,EVAN,False
178,4.0,24.3,2.0,9.5,54.0,0.0,0.0,121.0,0.0,121.0,0.0,0.0,0.0,0.0,121.0,0.0,0.0,0.0,0.0,0.0,0.0,121.0,Jaylon Tate,ILL,False
179,4.0,21.0,0.0,0.0,121.0,0.0,0.0,121.0,0.0,121.0,0.0,0.0,0.0,0.0,121.0,0.0,0.0,0.0,2.5,7.0,18.1,65.0,Jeff Garrett,NKU,False
180,3.0,30.0,0.0,0.0,121.0,0.0,0.0,121.0,0.0,121.0,0.0,0.0,0.0,0.0,121.0,0.0,0.0,0.0,3.7,6.0,12.9,60.0,Jeff Roberson,VAN,False
181,3.0,34.3,3.0,6.2,85.0,4.27,8.0,8.0,0.0,121.0,0.0,0.0,0.0,0.0,121.0,0.0,0.0,0.0,0.0,0.0,0.0,121.0,Jeffrey Altidort,COOK,False
182,3.0,33.7,2.0,8.7,12.0,3.17,6.0,43.0,0.0,121.0,0.0,0.0,0.0,0.0,121.0,0.0,0.0,0.0,0.0,0.0,0.0,121.0,Jeremiah Martin,MEM,False
183,3.0,30.7,0.0,0.0,121.0,0.0,0.0,121.0,0.0,121.0,20.7,0.561,0.6,0.7,87.0,13.7,5.0,3.3,0.0,0.0,0.0,121.0,Jeremy Hemsley,SDSU,False
184,3.0,32.3,1.0,0.0,121.0,5.36,4.0,2.0,0.0,121.0,0.0,0.0,0.0,0.0,121.0,0.0,0.0,0.0,0.0,0.0,0.0,121.0,Jeremy Morgan,UNI,False
185,3.0,31.7,0.0,0.0,121.0,0.0,0.0,121.0,0.0,121.0,22.0,0.548,0.519,0.667,49.0,14.0,9.0,3.0,0.0,0.0,0.0,121.0,Jeremy Senglin,WEB,False
186,3.0,32.0,2.66666666667,7.5,46.0,0.0,0.0,121.0,0.0,121.0,0.0,0.0,0.0,0.0,121.0,0.0,0.0,0.0,0.0,0.0,0.0,121.0,Jermaine Bishop,SLU,False
187,3.0,28.3,0.0,0.0,121.0,0.0,0.0,121.0,0.0,121.0,0.0,0.0,0.0,0.0,121.0,0.0,0.0,0.0,3.3,7.7,15.5,27.0,Jerome Frink,LIU,False
188,3.0,35.3,3.66666666667,7.9,17.0,0.0,0.0,121.0,0.0,121.0,0.0,0.0,0.0,0.0,121.0,0.0,0.0,0.0,0.0,0.0,0.0,121.0,Jerome Segura,FAIR,False
189,2.0,28.0,0.5,7.1,98.0,0.0,0.0,121.0,0.0,121.0,0.0,0.0,0.0,0.0,121.0,0.0,0.0,0.0,0.0,0.0,0.0,121.0,Jevon Carter,WVU,False
190,3.0,27.65,2.33333333333,0.0,121.0,2.94,7.0,32.0,4.21,80.0,0.0,0.0,0.0,0.0,121.0,0.0,0.0,0.0,0.0,0.0,0.0,121.0,Jimmie Taylor,RID,False
191,3.0,29.3,0.0,0.0,121.0,0.0,0.0,121.0,0.0,121.0,21.3,0.575,0.0,0.818,70.0,13.3,0.3,7.3,5.3,6.7,16.4,12.0,Jimmy Hall,KENT,False
192,2.0,21.0,0.0,0.0,121.0,0.0,0.0,121.0,0.0,121.0,0.0,0.0,0.0,0.0,121.0,0.0,0.0,0.0,2.5,7.5,19.0,49.0,Jimond Ivey,AKR,False
193,3.0,29.3,0.0,0.0,121.0,0.0,6.0,121.0,7.27,4.0,0.0,0.0,0.0,0.0,121.0,0.0,0.0,0.0,3.0,7.0,13.6,47.0,Jo Lual-Acuil Jr.,BAY,False
194,3.0,33.7,2.33333333333,5.9,92.0,0.0,0.0,121.0,0.0,121.0,0.0,0.0,0.0,0.0,121.0,0.0,0.0,0.0,0.0,0.0,0.0,121.0,JoJo Cooper,WAG,False
195,3.0,27.7,0.0,0.0,121.0,0.0,0.0,121.0,0.0,121.0,20.3,0.711,0.0,0.875,95.0,12.7,0.3,2.7,4.7,5.7,14.9,37.0,Jock Landale,SMC,False
196,3.0,33.7,1.33333333333,6.7,57.0,0.0,0.0,121.0,0.0,121.0,0.0,0.0,0.0,0.0,121.0,0.0,0.0,0.0,0.0,0.0,0.0,121.0,Joe Rahon,SMC,False
197,2.0,33.5,0.0,0.0,121.0,0.0,0.0,121.0,0.0,121.0,22.5,0.536,0.6,0.6,41.0,14.0,10.0,2.5,0.0,0.0,0.0,121.0,Joe Rosga,DEN,False
198,3.0,24.7,1.33333333333,0.0,121.0,4.86,9.0,14.0,0.0,121.0,0.0,0.0,0.0,0.0,121.0,0.0,0.0,0.0,0.0,0.0,0.0,121.0,Joey Frenchwood,LAM,False
199,3.0,20.0,1.0,10.7,72.0,0.0,0.0,121.0,0.0,121.0,0.0,0.0,0.0,0.0,121.0,0.0,0.0,0.0,0.0,0.0,0.0,121.0,John Gillon,SYR,False
200,4.0,32.8,0.0,0.0,121.0,0.0,0.0,121.0,0.0,121.0,0.0,0.0,0.0,0.0,121.0,0.0,0.0,0.0,3.0,6.3,11.3,79.0,John Konchar,IPFW,False
201,3.0,31.0,0.0,0.0,121.0,0.0,0.0,121.0,0.0,121.0,24.7,0.587,0.75,1.0,18.0,15.3,4.0,3.7,0.0,0.0,0.0,121.0,Jon Davis,CHAR,False
202,3.0,32.0,2.0,6.7,80.0,0.0,0.0,121.0,0.0,121.0,0.0,0.0,0.0,0.0,121.0,0.0,0.0,0.0,0.0,0.0,0.0,121.0,Jon Elmore,MRSH,False
203,1.0,28.0,3.0,0.0,121.0,4.29,3.0,18.0,0.0,121.0,0.0,0.0,0.0,0.0,121.0,0.0,0.0,0.0,0.0,0.0,0.0,121.0,Jon Severe,IONA,False
204,4.0,24.3,0.0,0.0,121.0,0.0,14.0,121.0,4.12,41.0,0.0,0.0,0.0,0.0,121.0,0.0,0.0,0.0,0.0,0.0,0.0,121.0,Jonathan Galloway,UCI,False
205,3.0,29.0,0.0,0.0,121.0,0.0,10.0,121.0,3.22,61.0,0.0,0.0,0.0,0.0,121.0,0.0,0.0,0.0,0.0,0.0,0.0,121.0,Jonathan Kasibabu,FAIR,False
206,3.0,34.7,4.0,7.3,30.0,0.0,0.0,121.0,0.0,121.0,21.0,0.447,0.462,0.692,79.0,15.7,8.7,4.3,0.0,0.0,0.0,121.0,Jonathan Stark,MURR,False
207,4.0,31.3,0.0,0.0,121.0,0.0,0.0,121.0,0.0,121.0,21.8,0.509,0.538,0.727,57.0,13.8,3.3,8.3,0.0,0.0,0.0,121.0,Jonathan Wade,NORF,False
208,3.0,30.3,0.0,0.0,121.0,0.0,0.0,121.0,0.0,121.0,21.7,0.404,0.391,0.778,58.0,17.3,7.7,6.0,0.0,0.0,0.0,121.0,Jonathan Williams,TOL,False
209,3.0,29.3,0.0,0.0,121.0,0.0,8.0,121.0,5.91,5.0,0.0,0.0,0.0,0.0,121.0,0.0,0.0,0.0,0.0,0.0,0.0,121.0,Jordan Bell,ORE,False
210,3.0,28.3,2.33333333333,0.0,121.0,3.29,6.0,76.0,0.0,121.0,0.0,0.0,0.0,0.0,121.0,0.0,0.0,0.0,3.3,5.7,12.7,87.0,Jordan Caroline,NEV,False
211,3.0,30.0,5.33333333333,8.0,45.0,0.0,0.0,121.0,0.0,121.0,23.7,0.55,0.455,0.759,24.0,13.3,3.7,9.7,0.0,0.0,0.0,121.0,Jordan Davis,UNCO,False
212,2.0,22.5,2.5,11.6,27.0,0.0,0.0,121.0,0.0,121.0,0.0,0.0,0.0,0.0,121.0,0.0,0.0,0.0,0.0,0.0,0.0,121.0,Jordan Strawberry,MER,False
213,3.0,28.7,2.66666666667,0.0,121.0,3.26,5.0,66.0,0.0,121.0,0.0,0.0,0.0,0.0,121.0,0.0,0.0,0.0,0.0,0.0,0.0,121.0,Jordan Woodard,OKLA,False
214,3.0,27.3,0.0,0.0,121.0,0.0,4.0,121.0,3.9,35.0,0.0,0.0,0.0,0.0,121.0,0.0,0.0,0.0,0.0,0.0,0.0,121.0,Jordon Varnado,TROY,False
215,4.0,26.5,0.0,0.0,121.0,0.0,0.0,121.0,0.0,121.0,0.0,0.0,0.0,0.0,121.0,0.0,0.0,0.0,2.3,6.5,13.2,95.0,Jordyn Martin,NAU,False
216,4.0,28.8,2.75,9.0,24.0,4.52,8.0,10.0,0.0,121.0,0.0,0.0,0.0,0.0,121.0,0.0,0.0,0.0,0.0,0.0,0.0,121.0,Joseph Chartouny,FOR,False
217,2.0,32.5,0.0,0.0,121.0,0.0,0.0,121.0,0.0,121.0,22.0,0.615,0.2,0.786,52.0,13.0,2.5,7.0,0.0,0.0,0.0,121.0,Joseph Kilgore,AMCC,False
218,4.0,30.5,3.0,6.6,88.0,0.0,0.0,121.0,0.0,121.0,0.0,0.0,0.0,0.0,121.0,0.0,0.0,0.0,0.0,0.0,0.0,121.0,Josh Cuthbertson,UPST,False
219,4.0,31.5,1.0,0.0,121.0,2.86,10.0,93.0,0.0,121.0,20.3,0.58,0.474,0.667,98.0,12.5,4.8,5.3,0.0,0.0,0.0,121.0,Josh Hart,NOVA,False
220,4.0,35.0,0.0,0.0,121.0,0.0,8.0,121.0,2.29,73.0,0.0,0.0,0.0,0.0,121.0,0.0,0.0,0.0,0.8,11.0,13.4,18.0,Josh Hawkinson,WSU,False
221,4.0,28.3,0.0,0.0,121.0,0.0,0.0,121.0,0.0,121.0,0.0,0.0,0.0,0.0,121.0,0.0,0.0,0.0,2.8,7.3,14.2,43.0,Josh Martin,CP,False
222,2.0,27.5,0.0,0.0,121.0,0.0,0.0,121.0,0.0,121.0,0.0,0.0,0.0,0.0,121.0,0.0,0.0,0.0,3.5,9.0,18.2,9.0,Josh Nebo,SFU,False
223,4.0,36.5,2.75,0.0,121.0,2.47,7.0,97.0,0.0,121.0,21.8,0.444,0.345,0.778,56.0,15.8,7.3,6.8,0.0,0.0,0.0,121.0,Josh Robinson,PEAY,False
224,3.0,30.3,3.33333333333,6.6,89.0,0.0,0.0,121.0,0.0,121.0,0.0,0.0,0.0,0.0,121.0,0.0,0.0,0.0,0.0,0.0,0.0,121.0,Junior Lomomba,WKU,False
225,2.0,26.0,1.5,7.7,97.0,0.0,0.0,121.0,0.0,121.0,0.0,0.0,0.0,0.0,121.0,0.0,0.0,0.0,0.0,0.0,0.0,121.0,Justin Cousin,RAD,False
226,3.0,28.7,0.0,0.0,121.0,0.0,7.0,121.0,2.79,85.0,0.0,0.0,0.0,0.0,121.0,0.0,0.0,0.0,0.0,0.0,0.0,121.0,Justin Gray,TTU,False
227,3.0,34.3,0.0,0.0,121.0,0.0,0.0,121.0,0.0,121.0,0.0,0.0,0.0,0.0,121.0,0.0,0.0,0.0,1.7,7.3,10.5,85.0,Justin Strings,SAC,False
228,4.0,28.8,0.0,0.0,121.0,0.0,8.0,121.0,5.22,11.0,0.0,0.0,0.0,0.0,121.0,0.0,0.0,0.0,0.0,0.0,0.0,121.0,Justin Tuoyo,CHAT,False
229,2.0,19.0,2.5,0.0,121.0,8.42,4.0,4.0,0.0,121.0,0.0,0.0,0.0,0.0,121.0,0.0,0.0,0.0,0.0,0.0,0.0,121.0,K'Ja Johnson,FAMU,False
230,3.0,24.3,0.0,0.0,121.0,0.0,0.0,121.0,0.0,121.0,0.0,0.0,0.0,0.0,121.0,0.0,0.0,0.0,3.0,6.7,15.9,62.0,K.J. Lawson,MEM,False
231,3.0,34.7,1.66666666667,0.0,121.0,2.69,5.0,77.0,0.0,121.0,0.0,0.0,0.0,0.0,121.0,0.0,0.0,0.0,0.0,0.0,0.0,121.0,K.J. Maura,UMBC,False
232,3.0,28.0,0.0,0.0,121.0,0.0,0.0,121.0,0.0,121.0,0.0,0.0,0.0,0.0,121.0,0.0,0.0,0.0,2.0,7.3,13.3,74.0,Kahlil Thomas,RID,False
233,2.0,37.0,2.5,9.2,7.0,0.0,0.0,121.0,0.0,121.0,0.0,0.0,0.0,0.0,121.0,0.0,0.0,0.0,0.0,0.0,0.0,121.0,Kahron Ross,LEH,False
234,2.0,28.0,0.0,0.0,121.0,0.0,5.0,121.0,3.57,43.0,0.0,0.0,0.0,0.0,121.0,0.0,0.0,0.0,0.0,0.0,0.0,121.0,Kameron Rooks,CAL,False
235,3.0,31.0,2.33333333333,8.2,37.0,0.0,0.0,121.0,0.0,121.0,0.0,0.0,0.0,0.0,121.0,0.0,0.0,0.0,0.0,0.0,0.0,121.0,Kasheem Thomas,CLEV,False
236,3.0,23.3,0.0,0.0,121.0,0.0,6.0,121.0,4.57,37.0,0.0,0.0,0.0,0.0,121.0,0.0,0.0,0.0,0.0,0.0,0.0,121.0,Kassoum Yakwe,SJU,False
237,4.0,31.8,3.5,7.2,53.0,0.0,0.0,121.0,0.0,121.0,0.0,0.0,0.0,0.0,121.0,0.0,0.0,0.0,0.0,0.0,0.0,121.0,Kedar Edwards,UTM,False
238,4.0,24.0,0.0,0.0,121.0,0.0,0.0,121.0,0.0,121.0,0.0,0.0,0.0,0.0,121.0,0.0,0.0,0.0,3.0,5.8,14.6,97.0,Keenan Simmons,SIUE,False
239,4.0,31.5,2.75,6.7,86.0,0.0,0.0,121.0,0.0,121.0,0.0,0.0,0.0,0.0,121.0,0.0,0.0,0.0,0.0,0.0,0.0,121.0,Kendall Smith,CSN,False
240,4.0,21.5,0.0,0.0,121.0,0.0,0.0,121.0,0.0,121.0,0.0,0.0,0.0,0.0,121.0,0.0,0.0,0.0,5.0,5.3,19.1,40.0,Kennedy Meeks,UNC,False
241,3.0,14.3,0.0,0.0,121.0,0.0,6.0,121.0,8.37,26.0,0.0,0.0,0.0,0.0,121.0,0.0,0.0,0.0,0.0,0.0,0.0,121.0,Kevarrius Hayes,FLA,False
242,3.0,24.0,0.0,0.0,121.0,0.0,11.0,121.0,3.33,84.0,0.0,0.0,0.0,0.0,121.0,0.0,0.0,0.0,0.0,0.0,0.0,121.0,Khadeem Lattin,OKLA,False
243,3.0,31.3,0.0,0.0,121.0,0.0,0.0,121.0,0.0,121.0,21.7,0.6,0.667,0.467,63.0,13.3,5.0,5.0,0.0,0.0,0.0,121.0,Khadeen Carrington,HALL,False
244,2.0,19.0,0.0,0.0,121.0,0.0,5.0,121.0,4.21,99.0,0.0,0.0,0.0,0.0,121.0,0.0,0.0,0.0,0.0,0.0,0.0,121.0,Kingsley Okoroh,CAL,False
245,2.0,25.5,0.0,0.0,121.0,0.0,5.0,121.0,4.71,28.0,0.0,0.0,0.0,0.0,121.0,0.0,0.0,0.0,0.0,0.0,0.0,121.0,Kyle Alexander,TENN,False
246,3.0,24.0,0.0,0.0,121.0,0.0,0.0,121.0,0.0,121.0,0.0,0.0,0.0,0.0,121.0,0.0,0.0,0.0,3.0,9.0,20.0,13.0,Kyle Kuzma,UTAH,False
247,2.0,33.5,2.5,0.0,121.0,2.99,4.0,59.0,0.0,121.0,0.0,0.0,0.0,0.0,121.0,0.0,0.0,0.0,0.0,0.0,0.0,121.0,Kyle Leufroy,LEH,False
248,3.0,27.3,0.0,0.0,121.0,0.0,7.0,121.0,2.93,77.0,0.0,0.0,0.0,0.0,121.0,0.0,0.0,0.0,0.0,0.0,0.0,121.0,Kyle Washington,CIN,False
249,3.0,33.0,3.0,11.3,3.0,0.0,0.0,121.0,0.0,121.0,0.0,0.0,0.0,0.0,121.0,0.0,0.0,0.0,0.0,0.0,0.0,121.0,Kyron Cartwright,PROV,False
250,3.0,28.3,2.0,8.0,59.0,0.0,0.0,121.0,0.0,121.0,0.0,0.0,0.0,0.0,121.0,0.0,0.0,0.0,0.0,0.0,0.0,121.0,L.J. Rose,BYU,False
251,3.0,18.3,0.0,0.0,121.0,0.0,8.0,121.0,4.36,76.0,0.0,0.0,0.0,0.0,121.0,0.0,0.0,0.0,0.0,0.0,0.0,121.0,LaRon Smith,AUB,False
252,3.0,34.7,0.0,0.0,121.0,0.0,0.0,121.0,0.0,121.0,20.3,0.489,0.333,0.692,96.0,15.7,6.0,4.3,0.0,0.0,0.0,121.0,Lamarr Kimble,JOES,False
253,3.0,33.7,0.0,0.0,121.0,0.0,0.0,121.0,0.0,121.0,28.0,0.548,0.75,0.714,6.0,20.7,2.7,4.7,0.0,0.0,0.0,121.0,Lamond Murray Jr.,PEPP,False
254,4.0,29.0,3.75,0.0,121.0,4.14,13.0,12.0,0.0,121.0,0.0,0.0,0.0,0.0,121.0,0.0,0.0,0.0,0.0,0.0,0.0,121.0,Laquincy Rideau,WEBB,False
255,3.0,33.0,0.0,0.0,121.0,0.0,0.0,121.0,0.0,121.0,20.3,0.594,0.455,0.947,97.0,10.7,3.7,6.3,0.0,0.0,0.0,121.0,Lauri Markkanen,ARIZ,False
256,3.0,27.3,0.0,0.0,121.0,0.0,0.0,121.0,0.0,121.0,0.0,0.0,0.0,0.0,121.0,0.0,0.0,0.0,3.3,5.7,13.2,89.0,Leon Gilmore III,SFA,False
257,4.0,25.3,1.75,0.0,121.0,3.56,10.0,95.0,0.0,121.0,0.0,0.0,0.0,0.0,121.0,0.0,0.0,0.0,0.0,0.0,0.0,121.0,Lexus Williams,VALP,False
258,3.0,26.0,0.0,0.0,121.0,0.0,8.0,121.0,3.59,53.0,0.0,0.0,0.0,0.0,121.0,0.0,0.0,0.0,0.0,0.0,0.0,121.0,Liam Thomas,NICH,False
259,3.0,23.3,0.0,0.0,121.0,0.0,8.0,121.0,4.0,58.0,0.0,0.0,0.0,0.0,121.0,0.0,0.0,0.0,0.0,0.0,0.0,121.0,Lis Shoshi,UALR,False
260,3.0,15.3,0.0,0.0,121.0,0.0,2.0,121.0,5.22,89.0,0.0,0.0,0.0,0.0,121.0,0.0,0.0,0.0,0.0,0.0,0.0,121.0,Logan McLane,M-OH,False
261,3.0,36.7,2.33333333333,9.1,8.0,0.0,0.0,121.0,0.0,121.0,0.0,0.0,0.0,0.0,121.0,0.0,0.0,0.0,0.0,0.0,0.0,121.0,Lonzo Ball,UCLA,False
262,3.0,29.0,3.66666666667,8.7,31.0,3.22,3.0,70.0,0.0,121.0,0.0,0.0,0.0,0.0,121.0,0.0,0.0,0.0,0.0,0.0,0.0,121.0,Luke Eddy,ELON,False
263,3.0,24.7,0.0,0.0,121.0,0.0,5.0,121.0,4.86,21.0,0.0,0.0,0.0,0.0,121.0,0.0,0.0,0.0,0.0,0.0,0.0,121.0,Luke Kornet,VAN,False
264,3.0,30.3,2.0,0.0,121.0,6.15,7.0,1.0,0.0,121.0,0.0,0.0,0.0,0.0,121.0,0.0,0.0,0.0,0.0,0.0,0.0,121.0,Luwane Pipkins,UMASS,False
265,3.0,24.7,1.66666666667,9.2,58.0,0.0,0.0,121.0,0.0,121.0,0.0,0.0,0.0,0.0,121.0,0.0,0.0,0.0,0.0,0.0,0.0,121.0,Madison Jones,HALL,False
266,4.0,30.0,0.0,0.0,121.0,0.0,0.0,121.0,0.0,121.0,22.3,0.5,0.462,0.833,45.0,13.0,6.5,7.5,0.0,0.0,0.0,121.0,Malcolm Hill,ILL,False
267,2.0,29.5,0.0,0.0,121.0,0.0,7.0,121.0,7.46,2.0,0.0,0.0,0.0,0.0,121.0,0.0,0.0,0.0,0.0,0.0,0.0,121.0,Malik Dime,WASH,False
268,4.0,25.3,1.75,0.0,121.0,4.75,10.0,11.0,0.0,121.0,0.0,0.0,0.0,0.0,121.0,0.0,0.0,0.0,0.0,0.0,0.0,121.0,Malik Maitland,MORE,False
269,3.0,20.0,0.0,0.0,121.0,0.0,6.0,121.0,4.67,49.0,0.0,0.0,0.0,0.0,121.0,0.0,0.0,0.0,0.0,0.0,0.0,121.0,Mangok Mathiang,LOU,False
270,3.0,35.7,1.66666666667,7.9,15.0,2.62,5.0,65.0,0.0,121.0,0.0,0.0,0.0,0.0,121.0,0.0,0.0,0.0,0.0,0.0,0.0,121.0,Manu Lecomte,BAY,False
271,3.0,23.7,0.0,0.0,121.0,0.0,11.0,121.0,3.38,87.0,0.0,0.0,0.0,0.0,121.0,0.0,0.0,0.0,0.0,0.0,0.0,121.0,Marcanvis Hymon,MISS,False
272,3.0,33.0,4.0,0.0,121.0,2.83,7.0,80.0,0.0,121.0,23.7,0.452,0.391,0.75,25.0,14.0,7.7,10.7,0.0,0.0,0.0,121.0,Marcus Evans,RICE,False
273,3.0,29.3,0.0,0.0,121.0,0.0,0.0,121.0,0.0,121.0,28.3,0.537,0.389,0.833,4.0,18.0,6.0,8.0,0.0,0.0,0.0,121.0,Marcus Keene,CMU,False
274,3.0,32.0,2.0,6.7,83.0,0.0,0.0,121.0,0.0,121.0,24.3,0.5,0.524,0.8,20.0,16.7,7.0,5.0,0.0,0.0,0.0,121.0,Marcus LoVett,SJU,False
275,3.0,36.7,1.0,5.8,71.0,0.0,0.0,121.0,0.0,121.0,0.0,0.0,0.0,0.0,121.0,0.0,0.0,0.0,0.0,0.0,0.0,121.0,Marcus Marshall,NEV,False
276,3.0,35.3,6.33333333333,6.0,74.0,0.0,0.0,121.0,0.0,121.0,32.7,0.508,0.36,0.818,1.0,20.3,8.3,11.0,0.0,0.0,0.0,121.0,Mark Alstork,WRST,False
277,2.0,34.5,3.5,7.0,51.0,0.0,0.0,121.0,0.0,121.0,32.5,0.677,0.5,0.692,2.0,15.5,5.0,13.0,0.0,0.0,0.0,121.0,Markelle Fultz,WASH,False
278,3.0,30.7,3.33333333333,0.0,121.0,3.48,8.0,44.0,0.0,121.0,21.3,0.6,0.625,0.739,74.0,11.7,2.7,7.7,0.0,0.0,0.0,121.0,Marlain Veal,SELA,False
279,3.0,35.7,0.0,0.0,121.0,0.0,0.0,121.0,0.0,121.0,25.7,0.464,0.556,0.714,13.0,18.7,6.0,7.0,0.0,0.0,0.0,121.0,Marquis Wright,SIE,False
280,3.0,32.7,4.0,0.0,121.0,3.27,10.0,30.0,0.0,121.0,20.7,0.537,0.5,0.857,85.0,13.7,4.0,4.7,0.0,0.0,0.0,121.0,Martez Harrison,UMKC,False
281,4.0,29.5,0.0,0.0,121.0,0.0,0.0,121.0,0.0,121.0,22.0,0.492,0.353,0.857,47.0,16.3,8.5,3.5,0.0,0.0,0.0,121.0,Martez Walker,OAK,False
282,2.0,32.5,0.0,0.0,121.0,0.0,9.0,121.0,3.69,27.0,0.0,0.0,0.0,0.0,121.0,0.0,0.0,0.0,0.0,0.0,0.0,121.0,Matisse Thybulle,WASH,False
283,4.0,35.8,1.25,6.2,67.0,0.0,0.0,121.0,0.0,121.0,0.0,0.0,0.0,0.0,121.0,0.0,0.0,0.0,0.0,0.0,0.0,121.0,Matt Hauser,SCU,False
284,2.0,38.0,0.0,0.0,121.0,0.0,0.0,121.0,0.0,121.0,24.5,0.471,0.5,0.667,19.0,17.0,11.0,4.5,0.0,0.0,0.0,121.0,Matt Mobley,SBON,False
285,4.0,25.5,3.25,0.0,121.0,3.53,2.0,98.0,0.0,121.0,0.0,0.0,0.0,0.0,121.0,0.0,0.0,0.0,0.0,0.0,0.0,121.0,Matt Mooney,SDAK,False
286,3.0,20.3,0.0,0.0,121.0,0.0,8.0,121.0,4.59,48.0,0.0,0.0,0.0,0.0,121.0,0.0,0.0,0.0,0.0,0.0,0.0,121.0,Matt Willms,UTEP,False
287,3.0,30.3,5.33333333333,14.1,1.0,3.08,4.0,63.0,0.0,121.0,0.0,0.0,0.0,0.0,121.0,0.0,0.0,0.0,0.0,0.0,0.0,121.0,Maurice Watson Jr.,CREI,False
288,3.0,31.0,2.0,0.0,121.0,3.44,5.0,39.0,0.0,121.0,0.0,0.0,0.0,0.0,121.0,0.0,0.0,0.0,0.0,0.0,0.0,121.0,Micah Seaborn,MONM,False
289,3.0,39.3,0.0,0.0,121.0,0.0,0.0,121.0,0.0,121.0,0.0,0.0,0.0,0.0,121.0,0.0,0.0,0.0,3.7,5.3,9.2,90.0,Michael Carey,WAG,False
290,4.0,32.3,0.0,0.0,121.0,0.0,0.0,121.0,0.0,121.0,0.0,0.0,0.0,0.0,121.0,0.0,0.0,0.0,2.3,8.8,13.6,26.0,Michael Kessens,FIU,False
291,4.0,26.5,0.0,0.0,121.0,0.0,11.0,121.0,3.4,71.0,21.3,0.52,0.375,0.769,76.0,12.5,2.0,9.8,0.0,0.0,0.0,121.0,Michael Weathers,M-OH,False
292,4.0,32.8,0.0,0.0,121.0,0.0,0.0,121.0,0.0,121.0,24.0,0.577,0.444,0.842,21.0,13.0,2.3,9.5,0.0,0.0,0.0,121.0,Michael Young,PITT,False
293,2.0,30.5,0.0,0.0,121.0,0.0,0.0,121.0,0.0,121.0,21.5,0.5,0.222,0.591,66.0,14.0,4.5,11.0,0.0,0.0,0.0,121.0,Mike Morsell,TOWS,False
294,4.0,21.0,0.0,0.0,121.0,0.0,13.0,121.0,6.19,20.0,0.0,0.0,0.0,0.0,121.0,0.0,0.0,0.0,0.0,0.0,0.0,121.0,Mike Watkins,PSU,False
295,4.0,26.8,0.0,0.0,121.0,0.0,0.0,121.0,0.0,121.0,0.0,0.0,0.0,0.0,121.0,0.0,0.0,0.0,1.8,7.5,13.8,78.0,Miles Bowman Jr.,HP,False
296,3.0,34.0,0.0,0.0,121.0,0.0,0.0,121.0,0.0,121.0,0.0,0.0,0.0,0.0,121.0,0.0,0.0,0.0,3.3,6.7,11.8,48.0,Miles Bridges,MSU,False
297,5.0,27.4,2.8,9.1,38.0,0.0,0.0,121.0,0.0,121.0,0.0,0.0,0.0,0.0,121.0,0.0,0.0,0.0,0.0,0.0,0.0,121.0,Milton Doyle,L-IL,False
298,2.0,33.0,0.0,0.0,121.0,0.0,8.0,121.0,3.03,46.0,0.0,0.0,0.0,0.0,121.0,0.0,0.0,0.0,0.0,0.0,0.0,121.0,Miye Oni,YALE,False
299,4.0,28.8,0.0,0.0,121.0,0.0,0.0,121.0,0.0,121.0,23.3,0.596,0.571,1.0,30.0,14.3,7.0,2.3,0.0,0.0,0.0,121.0,Mo Evans,IPFW,False
300,2.0,22.0,0.0,0.0,121.0,0.0,0.0,121.0,0.0,121.0,0.0,0.0,0.0,0.0,121.0,0.0,0.0,0.0,2.5,7.0,17.3,69.0,Mo Jeffers,BC,False
301,2.0,28.5,1.0,9.8,19.0,0.0,0.0,121.0,0.0,121.0,0.0,0.0,0.0,0.0,121.0,0.0,0.0,0.0,0.0,0.0,0.0,121.0,Monte Morris,ISU,False
302,3.0,26.7,0.0,0.0,121.0,0.0,9.0,121.0,8.0,3.0,0.0,0.0,0.0,0.0,121.0,0.0,0.0,0.0,0.0,0.0,0.0,121.0,Moses Kingsley,ARK,False
303,4.0,21.0,0.0,0.0,121.0,0.0,12.0,121.0,3.81,75.0,0.0,0.0,0.0,0.0,121.0,0.0,0.0,0.0,2.8,7.5,19.5,41.0,Muusa Dama,EIU,False
304,4.0,26.3,0.0,0.0,121.0,0.0,11.0,121.0,3.05,74.0,0.0,0.0,0.0,0.0,121.0,0.0,0.0,0.0,0.0,0.0,0.0,121.0,Nana Foulland,BUCK,False
305,4.0,32.8,2.5,7.3,40.0,0.0,0.0,121.0,0.0,121.0,0.0,0.0,0.0,0.0,121.0,0.0,0.0,0.0,0.0,0.0,0.0,121.0,Nate Mason,MINN,False
306,3.0,35.7,0.0,0.0,121.0,0.0,0.0,121.0,0.0,121.0,0.0,0.0,0.0,0.0,121.0,0.0,0.0,0.0,3.0,8.7,13.1,19.0,Nick Banyard,UCF,False
307,3.0,33.0,0.0,6.9,62.0,0.0,0.0,121.0,0.0,121.0,0.0,0.0,0.0,0.0,121.0,0.0,0.0,0.0,0.0,0.0,0.0,121.0,Nick Coppola,ULM,False
308,3.0,24.3,3.66666666667,0.0,121.0,4.38,6.0,45.0,0.0,121.0,0.0,0.0,0.0,0.0,121.0,0.0,0.0,0.0,0.0,0.0,0.0,121.0,Nick Dixon,TRGV,False
309,3.0,28.7,0.0,0.0,121.0,0.0,0.0,121.0,0.0,121.0,0.0,0.0,0.0,0.0,121.0,0.0,0.0,0.0,2.7,6.3,12.6,81.0,Nick Hornsby,SAC,False
310,3.0,32.3,3.66666666667,7.4,43.0,0.0,0.0,121.0,0.0,121.0,0.0,0.0,0.0,0.0,121.0,0.0,0.0,0.0,0.0,0.0,0.0,121.0,Nick Lindner,LAF,False
311,3.0,30.0,0.0,0.0,121.0,0.0,0.0,121.0,0.0,121.0,0.0,0.0,0.0,0.0,121.0,0.0,0.0,0.0,3.0,7.3,13.8,38.0,Novak Topalovic,IDST,False
312,3.0,20.3,0.0,0.0,121.0,0.0,4.0,121.0,7.21,16.0,0.0,0.0,0.0,0.0,121.0,0.0,0.0,0.0,0.0,0.0,0.0,121.0,Obediah Church,MOST,False
313,3.0,36.0,0.0,0.0,121.0,0.0,10.0,121.0,2.59,57.0,22.0,0.5,0.471,0.714,50.0,16.0,5.7,4.7,2.0,7.0,10.0,86.0,Obi Enechionyia,TEM,False
314,3.0,20.3,0.0,0.0,121.0,0.0,7.0,121.0,3.93,83.0,0.0,0.0,0.0,0.0,121.0,0.0,0.0,0.0,0.0,0.0,0.0,121.0,Obij Aget,UNM,False
315,4.0,33.5,0.0,0.0,121.0,0.0,0.0,121.0,0.0,121.0,0.0,0.0,0.0,0.0,121.0,0.0,0.0,0.0,2.5,7.3,11.6,54.0,Obinna Oleka,ASU,False
316,2.0,31.0,5.5,6.5,96.0,0.0,0.0,121.0,0.0,121.0,0.0,0.0,0.0,0.0,121.0,0.0,0.0,0.0,0.0,0.0,0.0,121.0,Paris Lee,ILST,False
317,3.0,16.3,0.0,0.0,121.0,0.0,5.0,121.0,4.9,88.0,0.0,0.0,0.0,0.0,121.0,0.0,0.0,0.0,0.0,0.0,0.0,121.0,Paschal Chukwu,SYR,False
318,3.0,28.3,0.0,0.0,121.0,0.0,0.0,121.0,0.0,121.0,23.3,0.491,0.308,1.0,28.0,18.3,8.7,2.7,0.0,0.0,0.0,121.0,Peter Jok,IOWA,False
319,3.0,37.0,0.0,0.0,121.0,0.0,0.0,121.0,0.0,121.0,24.7,0.553,0.474,0.722,17.0,15.7,6.3,6.0,0.0,0.0,0.0,121.0,Peyton Aldridge,DAV,False
320,3.0,27.7,0.0,0.0,121.0,0.0,0.0,121.0,0.0,121.0,22.0,0.541,0.375,1.0,48.0,12.3,8.0,5.7,0.0,0.0,0.0,121.0,Phil Forte III,OKST,False
321,1.0,20.0,2.0,14.0,20.0,0.0,0.0,121.0,0.0,121.0,0.0,0.0,0.0,0.0,121.0,0.0,0.0,0.0,0.0,0.0,0.0,121.0,Phil Winston,QUIN,False
322,4.0,37.0,0.0,0.0,121.0,0.0,0.0,121.0,0.0,121.0,0.0,0.0,0.0,0.0,121.0,0.0,0.0,0.0,2.5,6.3,9.5,99.0,Phillip Carr,MORG,False
323,3.0,34.3,1.0,5.8,91.0,0.0,0.0,121.0,0.0,121.0,0.0,0.0,0.0,0.0,121.0,0.0,0.0,0.0,0.0,0.0,0.0,121.0,Pookie Powell,LAS,False
324,4.0,22.5,4.0,0.0,121.0,4.89,10.0,27.0,0.0,121.0,0.0,0.0,0.0,0.0,121.0,0.0,0.0,0.0,0.0,0.0,0.0,121.0,Preston Parks,CIT,False
325,3.0,30.7,0.0,0.0,121.0,0.0,0.0,121.0,0.0,121.0,21.3,0.382,0.333,0.875,71.0,18.3,8.0,5.3,0.0,0.0,0.0,121.0,QJ Peterson,VMI,False
326,3.0,18.3,3.0,0.0,121.0,5.09,7.0,88.0,0.0,121.0,0.0,0.0,0.0,0.0,121.0,0.0,0.0,0.0,0.0,0.0,0.0,121.0,Quentin Jackson,CHAR,False
327,3.0,29.3,0.0,0.0,121.0,0.0,0.0,121.0,0.0,121.0,25.0,0.549,0.25,1.0,16.0,17.0,2.7,5.7,0.0,0.0,0.0,121.0,Quincy McKnight,SHU,False
328,3.0,33.3,0.0,0.0,121.0,0.0,0.0,121.0,0.0,121.0,22.0,0.522,0.385,0.929,51.0,15.3,4.3,4.7,0.0,0.0,0.0,121.0,Quinndary Weatherspoon,MSST,False
329,2.0,34.0,1.0,0.0,121.0,3.53,2.0,16.0,0.0,121.0,23.5,0.583,0.636,0.8,27.0,12.0,5.5,7.5,0.0,0.0,0.0,121.0,Quinton Hooker,UND,False
330,3.0,35.7,0.0,0.0,121.0,0.0,0.0,121.0,0.0,121.0,27.0,0.386,0.313,0.78,9.0,19.0,5.3,13.7,0.0,0.0,0.0,121.0,Randy Onwuasor,SUU,False
331,3.0,16.3,0.0,0.0,121.0,0.0,9.0,121.0,4.9,93.0,0.0,0.0,0.0,0.0,121.0,0.0,0.0,0.0,0.0,0.0,0.0,121.0,Rashaan Holloway,UMASS,False
332,3.0,29.7,2.33333333333,0.0,121.0,3.15,4.0,81.0,0.0,121.0,0.0,0.0,0.0,0.0,121.0,0.0,0.0,0.0,0.0,0.0,0.0,121.0,Rashard Odomes,OKLA,False
333,2.0,29.0,0.0,0.0,121.0,0.0,6.0,121.0,2.76,98.0,0.0,0.0,0.0,0.0,121.0,0.0,0.0,0.0,4.5,7.0,15.9,22.0,Rashawn Thomas,AMCC,False
334,4.0,25.8,1.75,0.0,121.0,4.27,8.0,26.0,0.0,121.0,0.0,0.0,0.0,0.0,121.0,0.0,0.0,0.0,0.0,0.0,0.0,121.0,Ray Crossland,EIU,False
335,3.0,28.3,0.0,0.0,121.0,0.0,0.0,121.0,0.0,121.0,0.0,0.0,0.0,0.0,121.0,0.0,0.0,0.0,3.7,6.7,14.6,35.0,Reggie Agbeko,SLU,False
336,4.0,21.5,0.0,0.0,121.0,0.0,15.0,121.0,6.98,12.0,0.0,0.0,0.0,0.0,121.0,0.0,0.0,0.0,0.0,0.0,0.0,121.0,Reggie Lynch,MINN,False
337,3.0,30.3,0.0,0.0,121.0,0.0,0.0,121.0,0.0,121.0,0.0,0.0,0.0,0.0,121.0,0.0,0.0,0.0,3.0,6.0,11.9,82.0,Reggie Upshaw,MTSU,False
338,3.0,29.3,0.0,0.0,121.0,0.0,0.0,121.0,0.0,121.0,21.7,0.588,0.0,0.658,61.0,11.3,0.0,12.7,3.3,9.0,16.8,10.0,Reid Travis,STAN,False
339,3.0,31.3,2.66666666667,0.0,121.0,2.98,9.0,71.0,0.0,121.0,0.0,0.0,0.0,0.0,121.0,0.0,0.0,0.0,0.0,0.0,0.0,121.0,Remond Brown,GRAM,False
340,2.0,29.5,0.0,0.0,121.0,0.0,0.0,121.0,0.0,121.0,22.5,0.5,0.476,1.0,40.0,15.0,10.5,2.5,0.0,0.0,0.0,121.0,Ria'n Holland,MER,False
341,1.0,26.0,0.0,0.0,121.0,0.0,0.0,121.0,0.0,121.0,22.0,0.538,0.5,0.667,55.0,13.0,8.0,6.0,0.0,0.0,0.0,121.0,Rob Gray Jr.,HOU,False
342,3.0,19.0,0.0,0.0,121.0,0.0,5.0,121.0,5.61,38.0,0.0,0.0,0.0,0.0,121.0,0.0,0.0,0.0,0.0,0.0,0.0,121.0,Robert Williams,TAMU,False
343,3.0,31.7,0.0,0.0,121.0,0.0,0.0,121.0,0.0,121.0,21.0,0.5,0.471,0.786,77.0,14.7,5.7,4.7,0.0,0.0,0.0,121.0,Rodney Bullock,PROV,False
344,3.0,26.0,0.0,0.0,121.0,0.0,9.0,121.0,4.1,32.0,0.0,0.0,0.0,0.0,121.0,0.0,0.0,0.0,0.0,0.0,0.0,121.0,Rodney Williams,DREX,False
345,3.0,32.7,0.0,0.0,121.0,0.0,0.0,121.0,0.0,121.0,0.0,0.0,0.0,0.0,121.0,0.0,0.0,0.0,4.0,10.7,18.0,1.0,Rokas Gustys,HOF,False
346,1.0,25.0,2.0,0.0,121.0,4.8,2.0,19.0,0.0,121.0,0.0,0.0,0.0,0.0,121.0,0.0,0.0,0.0,0.0,0.0,0.0,121.0,Roland Nyama,STON,False
347,4.0,28.3,0.0,0.0,121.0,0.0,17.0,121.0,3.19,64.0,0.0,0.0,0.0,0.0,121.0,0.0,0.0,0.0,0.0,0.0,0.0,121.0,Romelo Banks,UNF,False
348,3.0,25.7,0.0,0.0,121.0,0.0,11.0,121.0,5.19,17.0,0.0,0.0,0.0,0.0,121.0,0.0,0.0,0.0,0.0,0.0,0.0,121.0,Ronald Delph,FAU,False
349,2.0,30.0,0.0,0.0,121.0,0.0,0.0,121.0,0.0,121.0,29.5,0.55,0.412,0.8,3.0,20.0,8.5,5.0,0.0,0.0,0.0,121.0,Ronnie Boyce,SF,False
350,3.0,27.0,0.0,0.0,121.0,0.0,0.0,121.0,0.0,121.0,0.0,0.0,0.0,0.0,121.0,0.0,0.0,0.0,2.7,6.7,13.8,75.0,Ruben Guerrero,USF,False
351,3.0,27.0,0.0,0.0,121.0,0.0,7.0,121.0,3.46,47.0,0.0,0.0,0.0,0.0,121.0,0.0,0.0,0.0,0.0,0.0,0.0,121.0,Ryan Taylor,MRSH,False
352,3.0,34.3,1.66666666667,0.0,121.0,2.72,10.0,89.0,0.0,121.0,0.0,0.0,0.0,0.0,121.0,0.0,0.0,0.0,0.0,0.0,0.0,121.0,Sa'eed Nelson,AMER,False
353,2.0,15.5,0.0,0.0,121.0,0.0,2.0,121.0,6.45,45.0,0.0,0.0,0.0,0.0,121.0,0.0,0.0,0.0,0.0,0.0,0.0,121.0,Sagaba Konate,WVU,False
354,1.0,36.0,0.0,0.0,121.0,0.0,0.0,121.0,0.0,121.0,28.0,0.381,0.357,0.875,7.0,21.0,14.0,8.0,0.0,0.0,0.0,121.0,Sam Cassell Jr.,IONA,False
355,2.0,35.5,1.0,5.6,95.0,0.0,0.0,121.0,0.0,121.0,0.0,0.0,0.0,0.0,121.0,0.0,0.0,0.0,0.0,0.0,0.0,121.0,Sam Singer,CAL,False
356,3.0,31.7,2.66666666667,0.0,121.0,3.37,9.0,28.0,0.0,121.0,0.0,0.0,0.0,0.0,121.0,0.0,0.0,0.0,0.0,0.0,0.0,121.0,Scoochie Smith,DAY,False
357,3.0,31.0,0.0,0.0,121.0,0.0,0.0,121.0,0.0,121.0,0.0,0.0,0.0,0.0,121.0,0.0,0.0,0.0,3.7,5.7,12.0,72.0,Sebastian Saiz,MISS,False
358,4.0,33.5,0.0,0.0,121.0,0.0,0.0,121.0,0.0,121.0,20.3,0.482,0.444,0.76,99.0,14.0,4.5,6.3,3.3,5.8,10.7,80.0,Semi Ojeleye,SMU,False
359,3.0,28.3,1.33333333333,8.9,29.0,0.0,0.0,121.0,0.0,121.0,0.0,0.0,0.0,0.0,121.0,0.0,0.0,0.0,0.0,0.0,0.0,121.0,Shane Rector,USU,False
360,3.0,32.3,4.66666666667,6.2,94.0,0.0,0.0,121.0,0.0,121.0,0.0,0.0,0.0,0.0,121.0,0.0,0.0,0.0,0.0,0.0,0.0,121.0,Shaq Carr,GCU,False
361,3.0,33.7,0.0,0.0,121.0,0.0,0.0,121.0,0.0,121.0,21.7,0.5,0.455,0.87,59.0,13.3,3.7,7.7,0.0,0.0,0.0,121.0,Shavar Newkirk,JOES,False
362,2.0,34.0,0.0,0.0,121.0,0.0,0.0,121.0,0.0,121.0,21.5,0.56,0.385,0.909,67.0,12.5,6.5,5.5,1.0,9.0,11.8,50.0,Shawn Johnson,IW,False
363,2.0,35.5,2.0,0.0,121.0,2.82,5.0,56.0,0.0,121.0,27.0,0.581,0.75,0.706,10.0,15.5,4.0,8.5,0.0,0.0,0.0,121.0,ShawnDre' Jones,RICH,False
364,3.0,38.0,0.666666666667,5.6,82.0,3.51,4.0,9.0,0.0,121.0,0.0,0.0,0.0,0.0,121.0,0.0,0.0,0.0,0.0,0.0,0.0,121.0,Shizz Alston Jr.,TEM,False
365,4.0,31.3,0.0,0.0,121.0,0.0,0.0,121.0,0.0,121.0,20.8,0.448,0.476,0.913,83.0,14.5,5.3,5.8,0.0,0.0,0.0,121.0,Sindarius Thornwell,SC,False
366,3.0,19.7,2.0,10.2,93.0,0.0,0.0,121.0,0.0,121.0,0.0,0.0,0.0,0.0,121.0,0.0,0.0,0.0,0.0,0.0,0.0,121.0,Skylar Mays,LSU,False
367,4.0,34.5,5.25,5.8,87.0,0.0,0.0,121.0,0.0,121.0,0.0,0.0,0.0,0.0,121.0,0.0,0.0,0.0,0.0,0.0,0.0,121.0,Stephan Jiggetts,FDU,False
368,3.0,33.7,0.0,0.0,121.0,0.0,0.0,121.0,0.0,121.0,0.0,0.0,0.0,0.0,121.0,0.0,0.0,0.0,2.0,11.3,15.8,6.0,Steve Taylor Jr.,TOL,False
369,4.0,25.0,2.25,13.6,6.0,0.0,0.0,121.0,0.0,121.0,0.0,0.0,0.0,0.0,121.0,0.0,0.0,0.0,0.0,0.0,0.0,121.0,Stevie Clark,OAK,False
370,2.0,29.0,3.5,8.3,48.0,0.0,0.0,121.0,0.0,121.0,0.0,0.0,0.0,0.0,121.0,0.0,0.0,0.0,0.0,0.0,0.0,121.0,T.J. Cline,RICH,False
371,2.0,27.5,0.0,0.0,121.0,0.0,0.0,121.0,0.0,121.0,21.5,0.538,0.286,0.846,69.0,13.0,7.0,6.5,0.0,0.0,0.0,121.0,T.J. Cromer,ETSU,False
372,4.0,34.5,3.25,6.4,66.0,0.0,0.0,121.0,0.0,121.0,23.0,0.529,0.444,0.81,31.0,12.8,2.3,10.5,0.0,0.0,0.0,121.0,T.J. Williams,NE,False
373,3.0,24.3,0.0,0.0,121.0,0.0,11.0,121.0,4.93,25.0,0.0,0.0,0.0,0.0,121.0,0.0,0.0,0.0,0.0,0.0,0.0,121.0,TJ Holyfield,SFA,False
374,3.0,28.3,0.0,0.0,121.0,0.0,0.0,121.0,0.0,121.0,0.0,0.0,0.0,0.0,121.0,0.0,0.0,0.0,3.3,7.0,14.6,39.0,TJ Leaf,UCLA,False
375,3.0,24.3,0.0,0.0,121.0,0.0,9.0,121.0,6.03,15.0,0.0,0.0,0.0,0.0,121.0,0.0,0.0,0.0,4.0,8.3,20.3,11.0,Tacko Fall,UCF,False
376,3.0,23.0,0.0,0.0,121.0,0.0,12.0,121.0,3.48,91.0,0.0,0.0,0.0,0.0,121.0,0.0,0.0,0.0,0.0,0.0,0.0,121.0,Tafari Whittingham,CCSU,False
377,4.0,30.3,4.25,0.0,121.0,3.64,13.0,22.0,0.0,121.0,0.0,0.0,0.0,0.0,121.0,0.0,0.0,0.0,0.0,0.0,0.0,121.0,Tahjere McCall,TNST,False
378,3.0,21.3,0.0,0.0,121.0,0.0,11.0,121.0,8.13,8.0,0.0,0.0,0.0,0.0,121.0,0.0,0.0,0.0,0.0,0.0,0.0,121.0,Tai Odiase,UIC,False
379,3.0,31.7,0.0,0.0,121.0,0.0,0.0,121.0,0.0,121.0,0.0,0.0,0.0,0.0,121.0,0.0,0.0,0.0,3.3,6.7,12.6,44.0,Tanner Leissner,UNH,False
380,3.0,15.0,0.0,0.0,121.0,0.0,11.0,121.0,7.11,34.0,0.0,0.0,0.0,0.0,121.0,0.0,0.0,0.0,0.0,0.0,0.0,121.0,Tariq Owens,SJU,False
381,3.0,28.3,0.0,0.0,121.0,0.0,0.0,121.0,0.0,121.0,20.7,0.561,0.6,0.833,86.0,13.7,3.3,4.0,0.0,0.0,0.0,121.0,Tayler Persons,BALL,False
382,3.0,28.0,2.33333333333,7.6,81.0,0.0,0.0,121.0,0.0,121.0,0.0,0.0,0.0,0.0,121.0,0.0,0.0,0.0,0.0,0.0,0.0,121.0,Terrence Phillips,MIZ,False
383,3.0,30.3,2.33333333333,0.0,121.0,3.08,9.0,83.0,0.0,121.0,0.0,0.0,0.0,0.0,121.0,0.0,0.0,0.0,0.0,0.0,0.0,121.0,Thomas Capuano,MAN,False
384,3.0,27.3,0.0,0.0,121.0,0.0,8.0,121.0,5.37,14.0,0.0,0.0,0.0,0.0,121.0,0.0,0.0,0.0,1.3,8.7,14.6,45.0,Thomas Welsh,UCLA,False
385,2.0,37.5,0.0,0.0,121.0,0.0,0.0,121.0,0.0,121.0,27.5,0.556,0.0,0.75,8.0,18.0,1.5,10.0,1.5,7.5,9.6,92.0,Tim Kempton,LEH,False
386,3.0,33.0,0.0,0.0,121.0,0.0,0.0,121.0,0.0,121.0,23.0,0.667,0.0,0.781,33.0,11.0,0.0,10.7,0.0,0.0,0.0,121.0,Tim Williams,UNM,False
387,4.0,30.0,0.0,0.0,121.0,0.0,0.0,121.0,0.0,121.0,22.8,0.382,0.28,0.889,38.0,17.0,6.3,9.0,0.0,0.0,0.0,121.0,Tiwian Kendley,MORG,False
388,3.0,18.3,1.33333333333,0.0,121.0,5.09,9.0,91.0,0.0,121.0,0.0,0.0,0.0,0.0,121.0,0.0,0.0,0.0,0.0,0.0,0.0,121.0,Torey Noel,LAM,False
389,4.0,32.3,0.0,0.0,121.0,0.0,0.0,121.0,0.0,121.0,20.5,0.62,0.519,0.857,90.0,12.5,6.8,1.8,0.0,0.0,0.0,121.0,Torian Graham,ASU,False
390,3.0,19.0,0.0,0.0,121.0,0.0,0.0,121.0,0.0,121.0,0.0,0.0,0.0,0.0,121.0,0.0,0.0,0.0,2.3,8.7,23.2,28.0,Torry Butler,SHSU,False
391,4.0,29.5,3.75,9.5,13.0,3.73,12.0,25.0,0.0,121.0,0.0,0.0,0.0,0.0,121.0,0.0,0.0,0.0,0.0,0.0,0.0,121.0,Tra-Deon Hollins,OMA,False
392,4.0,28.0,3.0,8.2,55.0,0.0,0.0,121.0,0.0,121.0,0.0,0.0,0.0,0.0,121.0,0.0,0.0,0.0,0.0,0.0,0.0,121.0,Trae Bell-Haynes,UVM,False
393,3.0,27.3,0.0,0.0,121.0,0.0,0.0,121.0,0.0,121.0,0.0,0.0,0.0,0.0,121.0,0.0,0.0,0.0,1.7,8.0,14.1,63.0,Travis Munnings,ULM,False
394,3.0,39.0,0.0,0.0,121.0,0.0,0.0,121.0,0.0,121.0,23.7,0.429,0.415,0.857,23.0,18.7,13.7,2.3,0.0,0.0,0.0,121.0,Tre Coggins,CSF,False
395,2.0,30.5,2.0,6.6,100.0,0.0,0.0,121.0,0.0,121.0,0.0,0.0,0.0,0.0,121.0,0.0,0.0,0.0,0.0,0.0,0.0,121.0,Tre'Darius McCallum,DEP,False
396,4.0,34.3,0.0,0.0,121.0,0.0,0.0,121.0,0.0,121.0,0.0,0.0,0.0,0.0,121.0,0.0,0.0,0.0,1.0,8.5,11.1,67.0,Tres Tinkle,ORST,False
397,3.0,28.7,1.66666666667,0.0,121.0,3.72,12.0,33.0,0.0,121.0,0.0,0.0,0.0,0.0,121.0,0.0,0.0,0.0,0.0,0.0,0.0,121.0,Trevis Wyche,SPU,False
398,2.0,22.0,0.5,0.0,121.0,4.55,2.0,58.0,0.0,121.0,0.0,0.0,0.0,0.0,121.0,0.0,0.0,0.0,0.0,0.0,0.0,121.0,Trevor Lyons,AFA,False
399,3.0,18.3,0.0,0.0,121.0,0.0,10.0,121.0,4.36,78.0,0.0,0.0,0.0,0.0,121.0,0.0,0.0,0.0,0.0,0.0,0.0,121.0,Trevor Thompson,OSU,False
400,3.0,33.3,2.0,6.4,73.0,3.2,5.0,31.0,0.0,121.0,0.0,0.0,0.0,0.0,121.0,0.0,0.0,0.0,0.0,0.0,0.0,121.0,Troy Caupain,CIN,False
401,3.0,32.3,0.0,0.0,121.0,0.0,0.0,121.0,0.0,121.0,0.0,0.0,0.0,0.0,121.0,0.0,0.0,0.0,2.0,6.7,10.7,100.0,Tyler Cavanaugh,GW,False
402,4.0,33.5,0.0,0.0,121.0,0.0,0.0,121.0,0.0,121.0,25.0,0.508,0.441,0.955,15.0,15.8,8.5,5.5,0.0,0.0,0.0,121.0,Tyler Hall,MTST,False
403,3.0,27.3,0.0,0.0,121.0,0.0,6.0,121.0,3.41,60.0,0.0,0.0,0.0,0.0,121.0,0.0,0.0,0.0,0.0,0.0,0.0,121.0,Tyler Lydon,SYR,False
404,3.0,38.0,0.0,0.0,121.0,0.0,0.0,121.0,0.0,121.0,21.0,0.5,0.385,0.8,81.0,14.0,4.3,6.7,0.0,0.0,0.0,121.0,Tyler Nelson,FAIR,False
405,1.0,28.0,0.0,0.0,121.0,0.0,1.0,121.0,2.86,100.0,0.0,0.0,0.0,0.0,121.0,0.0,0.0,0.0,6.0,4.0,14.3,53.0,Tyrell Sturdivant,STON,False
406,3.0,18.0,0.0,0.0,121.0,0.0,8.0,121.0,4.44,81.0,0.0,0.0,0.0,0.0,121.0,0.0,0.0,0.0,0.0,0.0,0.0,121.0,Ugo Mmonu,CHSO,False
407,2.0,20.0,0.0,0.0,121.0,0.0,3.0,121.0,4.0,95.0,0.0,0.0,0.0,0.0,121.0,0.0,0.0,0.0,0.0,0.0,0.0,121.0,Valentine Izundu,SDSU,False
408,3.0,31.7,0.0,0.0,121.0,0.0,0.0,121.0,0.0,121.0,20.3,0.645,0.786,0.588,94.0,10.3,4.7,5.7,0.0,0.0,0.0,121.0,Vic Law,NW,False
409,4.0,31.8,0.0,0.0,121.0,0.0,0.0,121.0,0.0,121.0,0.0,0.0,0.0,0.0,121.0,0.0,0.0,0.0,3.0,8.5,14.5,21.0,Wayne Martin,TNST,False
410,1.0,21.0,1.0,17.1,5.0,0.0,0.0,121.0,0.0,121.0,0.0,0.0,0.0,0.0,121.0,0.0,0.0,0.0,0.0,0.0,0.0,121.0,Wes VanBeck,HOU,False
411,3.0,25.3,0.0,0.0,121.0,0.0,0.0,121.0,0.0,121.0,0.0,0.0,0.0,0.0,121.0,0.0,0.0,0.0,3.3,8.3,18.4,20.0,Wesley Gordon,COLO,False
412,3.0,26.7,0.0,0.0,121.0,0.0,2.0,121.0,6.5,7.0,0.0,0.0,0.0,0.0,121.0,0.0,0.0,0.0,0.0,0.0,0.0,121.0,William Lee,UAB,False
413,2.0,32.5,0.0,0.0,121.0,0.0,0.0,121.0,0.0,121.0,0.0,0.0,0.0,0.0,121.0,0.0,0.0,0.0,4.0,10.5,17.8,3.0,Wyatt Walker,SAM,False
414,4.0,22.8,0.0,0.0,121.0,0.0,10.0,121.0,3.96,69.0,0.0,0.0,0.0,0.0,121.0,0.0,0.0,0.0,0.0,0.0,0.0,121.0,Xavier Hill-Mais,OAK,False
415,3.0,25.3,2.0,9.5,41.0,0.0,0.0,121.0,0.0,121.0,0.0,0.0,0.0,0.0,121.0,0.0,0.0,0.0,0.0,0.0,0.0,121.0,Xavier Rathan-Mayes,FSU,False
416,3.0,34.7,0.0,0.0,121.0,0.0,6.0,121.0,2.31,86.0,21.7,0.585,0.444,0.722,62.0,13.7,3.0,6.0,2.0,7.3,10.8,76.0,Yante Maten,UGA,False
417,3.0,25.0,0.0,0.0,121.0,0.0,9.0,121.0,4.27,33.0,0.0,0.0,0.0,0.0,121.0,0.0,0.0,0.0,0.0,0.0,0.0,121.0,Zach Braxton,WEB,False
418,3.0,26.3,0.0,0.0,121.0,0.0,0.0,121.0,0.0,121.0,0.0,0.0,0.0,0.0,121.0,0.0,0.0,0.0,2.7,7.0,14.7,56.0,Zach LeDay,VT,False
419,4.0,32.5,2.0,0.0,121.0,2.77,14.0,94.0,0.0,121.0,20.8,0.372,0.313,0.6,84.0,19.5,8.0,6.3,0.0,0.0,0.0,121.0,Zach Lofton,TXSO,False
420,3.0,28.0,0.0,0.0,121.0,0.0,5.0,121.0,3.33,55.0,0.0,0.0,0.0,0.0,121.0,0.0,0.0,0.0,0.0,0.0,0.0,121.0,Zach Smith,TTU,False
421,3.0,31.3,1.33333333333,0.0,121.0,2.98,7.0,69.0,0.0,121.0,0.0,0.0,0.0,0.0,121.0,0.0,0.0,0.0,0.0,0.0,0.0,121.0,Zack Denny,BGSU,False
422,4.0,21.5,0.0,0.0,121.0,0.0,15.0,121.0,4.19,68.0,0.0,0.0,0.0,0.0,121.0,0.0,0.0,0.0,5.0,5.3,19.1,42.0,Zane Najdawi,CIT,False
